Y,Treat,X1,X2,X3
5.428323998,1,-6.446228012,2.762009621,5.782000419
-0.08573138,0,-15.43418667,-1.223144395,-2.70693684
-9.840662549,1,8.076814589,-4.846156677,5.404305567
-8.017764105,1,-10.61561342,-1.000350257,-1.45017732
-10.01147892,0,-6.970274122,-3.4941856,3.806045013
-2.556799302,1,3.329055585,1.621860725,-4.444443226
-4.48954887,1,-2.575618554,1.571995759,5.530016322
19.2275335,0,-2.352176801,8.888479932,7.297241552
4.442498973,0,-1.962918711,6.535279663,-2.098649972
-8.598164582,0,1.357568946,-2.702565708,6.236514111
8.695483783,1,-5.678350771,0.211875737,0.885828337
-16.71863895,1,-1.338681182,-4.080025289,1.899335557
-4.039229614,0,3.599875512,-1.379034131,0.139481671
-10.54429847,1,-3.252656171,-0.108777536,6.90828771
-13.22753402,1,-11.04747198,-1.868716015,-2.499472887
-16.36091888,1,-10.95541127,-1.982627283,1.624077317
12.60138237,0,-4.82364312,2.76002066,3.549131382
6.461999434,1,12.74571179,7.563720226,7.862386117
1.343277393,0,3.621070768,-2.083280617,2.824065479
-10.23685778,1,1.274678849,2.007665305,-3.44084368
15.07387311,0,-0.850526895,1.955637051,4.683475094
14.6221457,1,14.88880441,6.914356354,15.66734811
-0.880284915,1,-3.436054028,1.084812292,5.381167634
13.32754453,0,13.50431144,10.75758846,4.020605975
2.937968569,1,-7.816595035,-0.068620758,1.87744726
-2.954238361,1,6.131459678,-0.945414619,8.922703003
-19.62754553,1,-5.447710457,-3.949695897,-2.554209336
17.91972892,0,21.0042309,10.47120705,17.09988795
6.237424211,0,-4.548219389,6.604613668,2.216195992
-6.522099865,1,-1.325541034,-3.796513078,2.375486249
13.67338979,1,7.972452413,9.248107541,-2.9033067
-4.838222073,0,-0.885385397,-3.237504804,3.493984064
13.54974335,0,24.54810529,16.05399705,10.64353315
4.73465669,0,6.879813348,8.243520822,5.059814792
1.847627671,0,11.47961433,5.160651393,1.255815911
-13.11612163,0,-16.80932357,-0.000509298,1.87897772
-5.062298086,1,0.015443132,1.783724231,-3.178962021
24.0628303,0,17.55195251,15.31181032,8.501225434
-6.660974337,1,7.237392967,-0.481298289,7.971655596
23.84891065,0,23.95013765,10.81830371,10.82594925
-1.650829342,0,2.601562729,1.663445619,-3.14561416
13.73727075,0,-9.705133624,3.827759699,0.829914694
23.58468555,0,6.254201016,9.734529396,10.08166736
12.25323772,1,4.623445192,3.633793167,4.679352256
7.380010461,1,0.979834623,8.459044817,1.360736884
16.62766223,1,19.16118677,6.7822794,7.991881732
-21.99178654,0,-4.502605308,-10.35352805,-8.255767578
-8.229157445,0,-13.45129666,-2.169932133,-1.018579721
9.252602951,1,2.883619644,4.782216621,9.005516535
16.59599563,0,0.366122872,10.36892471,12.91097332
-6.030153163,0,-10.90584312,-5.453062458,1.13512745
11.02841222,0,7.287592944,5.434361978,6.865656744
27.56790634,1,4.266469848,9.4918916,4.933803117
31.15640928,0,24.45584337,15.4302759,12.99078262
23.57972789,0,22.2599535,17.59833098,10.55449264
-18.9007634,1,-16.42199303,-11.20173133,-9.249629226
19.29396662,0,18.98909939,9.83356982,8.420282187
-4.96720767,0,-5.898030854,0.84828669,1.777726805
-3.289285805,0,-5.769106961,5.147910796,2.35879649
-11.33288558,0,-5.555060104,-5.381793467,1.937798975
-5.371582833,0,4.55697088,-2.924571241,17.05609437
9.051863498,1,-0.427898174,3.875234277,-0.43005348
10.11132214,1,14.80208387,4.813737425,6.524267638
-1.225970531,0,-10.79829305,1.158388241,-4.149018667
-26.05103296,0,-5.226769009,-7.258317276,-5.538346108
22.07681409,0,7.02157147,13.35376329,3.694891717
23.7309831,0,23.90415939,16.39000514,18.28626825
-5.637986253,0,0.333129361,-0.881724079,-9.665942389
-34.83293263,0,-13.82947837,-16.78091115,4.067027465
23.86718886,1,2.488539679,14.31896131,8.895608112
10.0131049,0,15.63517936,5.775727588,5.699984127
18.98827572,1,20.56280669,14.4974428,13.74030335
-8.102608183,0,-7.284623988,-1.171714779,-1.196175348
8.805215296,0,3.189440775,4.301522626,9.362517736
15.08649545,0,7.299805412,11.37835602,13.05669891
-12.48899429,0,0.161899035,-4.522535246,-2.970813398
-13.76754626,0,10.61897075,-2.243118633,1.411140218
3.007027386,1,8.042110582,2.447787839,4.302066467
16.46528361,1,0.289060577,8.445062759,-6.694475765
-18.15825616,1,4.36449341,-6.787486028,8.352080747
18.35517948,1,23.80859464,8.410531602,8.63535481
9.341578854,0,0.446429421,2.028888555,7.029609325
-10.52759863,1,-4.921665868,-5.1099052,4.627905448
4.199596931,1,19.74288175,4.905525474,10.05013634
17.17682771,1,-6.849521775,13.24880587,-3.030832816
14.39725419,1,19.97540692,10.89291812,22.96748835
8.120865182,1,-1.333671887,3.329613413,10.5209469
4.179300826,0,-12.33917315,2.016592774,2.033267041
14.58929955,1,8.996493178,8.724572599,13.59154519
-26.55730829,0,-16.65974373,-13.54336309,-8.574170791
5.580158809,1,19.44584905,10.41999638,9.430954534
-2.069365627,1,8.380649081,2.875795144,0.949695684
7.398075779,1,12.13041886,10.06820341,5.233858674
14.273688,1,11.26175673,10.83334397,4.844939007
11.61233827,0,10.44381693,8.063814678,5.834545022
-9.275040427,0,0.737446069,1.023479745,2.567522876
-12.74063733,0,-4.884462847,-6.267578924,-3.27846862
-19.29401238,1,-4.266215167,-5.156243367,-1.283370464
-3.451724726,1,12.09032955,-3.98586377,9.150314248
-2.674183364,1,8.919904562,3.038685157,6.723545907
1.35202568,1,-4.156887187,3.589575079,-4.696114779
-3.389871056,1,10.31029752,2.415529752,4.52829531
1.063138126,1,7.129844486,5.181068558,12.51358744
15.33393288,1,8.97595418,9.780600302,3.584541516
15.15379267,0,8.267540296,7.156343003,9.202246858
-8.569321957,1,3.053868083,-1.429379111,0.230727222
11.33343549,1,13.13159319,12.19807313,4.651006511
-0.137073942,0,-13.090844,-1.615845969,-4.345005824
9.833759046,0,7.715699449,10.42792553,4.741071989
-8.530257732,0,-5.605578714,-5.632243398,-5.157751499
7.788613904,0,9.334890242,9.485082533,4.969610828
-3.557616734,1,2.779807674,3.673923767,4.683012526
-24.80636987,1,-3.951701422,-5.968843106,-1.628457566
0.901445113,0,11.07594272,5.208340267,20.26102728
9.338683593,1,4.954281306,3.591809271,7.033351952
-11.74592156,0,-16.26975637,-9.305866391,0.540035636
24.04592053,0,3.969322339,12.83321596,8.710847947
-22.07156996,0,-24.52545795,-8.802471234,-1.904686667
8.092723717,0,6.906819968,2.522775142,11.14059201
25.56314452,0,29.8526829,17.64743837,23.3909516
-13.01733009,1,1.139859741,-2.721639025,0.136280808
-3.844306655,1,4.669061557,3.266872112,1.701196874
2.87421002,1,-13.93433662,0.34455325,4.248779763
15.31023814,0,5.156969867,12.53735561,4.416791228
-5.539218571,0,-3.632869059,-1.372621461,7.934006151
9.870354808,0,11.0147265,10.50676821,11.27739118
-3.740558506,0,-0.355713086,-1.977941265,1.609302452
22.22928658,1,12.98258042,18.10782272,7.522065089
-1.43951723,1,-8.094685922,-1.026248297,-0.064349301
11.70106885,0,-2.090268992,8.371597772,6.707630698
-15.43706582,1,-14.00061409,-6.992896841,-7.556012774
24.32135621,1,8.297324499,10.50084952,6.413962925
21.85528141,1,8.422201469,8.609478311,7.692779312
-9.628762131,1,9.318942332,7.339552037,7.678559476
4.915969326,0,5.002162808,6.81836884,6.996677814
12.86880264,0,-7.977731515,7.009001101,-5.264293105
-16.79209405,0,-18.62364932,-7.423836598,-11.42593959
-0.029844171,0,0.86217113,3.640324593,4.837384448
-3.729240704,1,-3.173656957,-2.632763386,10.88470515
-10.59788744,0,4.672595428,-0.267930022,7.120621899
-3.175330164,0,7.568661972,0.618672622,5.057272703
7.566386235,0,-4.133588024,0.123934014,11.5972801
6.293205206,1,10.10092966,2.089603542,5.611132302
20.43316557,1,20.05232946,11.27752901,3.396089462
23.32396186,0,6.681614997,10.21568078,6.274836298
-2.192347899,1,-16.3470291,-6.056520783,-9.079042876
2.67314584,1,-14.5398039,0.891270983,-5.365466771
10.65867032,0,15.34816896,12.5113268,9.648547968
-3.003036747,0,10.96150908,3.773550336,7.687276933
-14.57098073,1,-2.344295697,-4.415985042,0.142283768
9.533813203,1,-7.055774865,1.683497842,6.123000605
-5.605379239,0,3.518195384,-0.357520644,10.61979794
22.75088823,0,17.12989649,10.91680175,18.47963071
1.444331485,0,2.024962357,2.480969174,8.836242998
-2.98823503,0,1.985560907,1.882012069,12.05209273
5.626913354,1,3.925381794,2.989164077,14.90495633
-19.78470869,1,1.433468254,-7.318809234,-1.254374158
-3.345103537,1,1.772322116,4.371201222,0.046031409
-8.161779271,1,7.966008037,1.683534651,11.57233799
11.14702878,1,14.76884187,8.907616863,10.52173652
29.38896958,1,13.03392101,9.428942056,19.92969794
12.42149433,0,6.76342202,14.64451116,4.907814193
9.020474846,1,3.819123083,5.323019113,-3.085718756
-10.1935545,0,-10.71129448,-6.589937251,-0.208022271
23.97695672,1,11.14828318,13.44437271,6.300642922
6.763136339,0,3.752226818,9.011242041,2.376363328
-20.36164128,0,-10.76660428,-6.409085976,-4.995130176
6.044804084,1,10.5449272,4.316846893,10.88895231
28.37762321,1,8.482559631,13.19556231,12.97262339
27.26122032,0,6.226019968,12.52885041,2.061387001
2.525120885,0,8.376882449,4.4624519,2.262203459
-14.90344086,0,-8.152606531,-5.636539363,0.320264308
-26.18633488,1,-21.33383131,-12.74727478,-10.33464233
-14.43896714,1,9.888038087,2.091205974,4.04217807
2.140526397,0,-24.66138191,-1.768401368,2.146380417
27.74888594,1,7.009768729,10.85347503,19.92119324
21.74485029,1,6.336396348,6.480953906,7.145362918
10.21745173,1,3.096720597,4.469489219,0.981732579
1.961913535,0,5.680354787,5.206194133,7.078609461
3.902234677,0,-1.800648726,2.822891342,10.22166391
-29.08309065,0,-9.043350299,-9.905894549,-6.95816868
-5.060423721,0,-16.96667916,-5.416025658,-9.535721171
-26.08684861,0,-7.676593372,-9.183645706,-16.43380099
-17.46676893,1,-8.710174306,-6.728809976,-1.744446351
11.06603467,0,5.324762281,9.605666809,11.6125813
-5.524364664,0,13.06153505,4.855537442,9.043517909
-15.90613103,1,-9.196078966,-10.3258105,-4.337641613
-22.57876999,1,-5.616195029,-4.585514134,-2.101287541
27.59071768,0,19.70942706,18.43997131,22.54489904
-3.523613256,0,-1.942425376,0.451416186,1.845944655
-9.387224808,1,-6.689040486,-4.188320446,4.052835801
-2.786212856,0,-10.52560409,-0.169873328,5.019034713
-9.840007231,0,-1.162296848,-0.375546731,1.643391223
-4.219511351,0,3.204968044,-1.226857578,0.139307125
-36.96607703,0,7.951574283,-8.806616816,6.416935036
49.43900185,1,20.23910718,25.19086374,19.77110923
-5.269841531,0,-3.979471865,-1.084322349,5.435831664
1.939493733,1,16.69471864,9.430023886,1.712544785
-5.146757196,0,-14.69481611,-3.8371267,2.97302922
18.61481365,0,23.53943335,14.07251376,13.94941422
-19.90691244,0,-0.641224822,-8.776357789,-1.230956398
13.4285119,0,2.945520554,2.871620569,5.279536806
9.595641213,1,-2.953947355,1.803025241,10.2337516
0.695615534,1,-3.779303462,4.76771324,4.066349492
-18.20067418,0,-6.441303989,-9.337325679,1.54117555
28.79010254,1,15.93644156,11.24503456,5.862551258
14.78364038,1,8.317259115,8.826310265,4.357153705
-7.754228729,0,-18.37642939,-2.470940575,-1.688209368
10.44824556,1,6.952845512,6.150931821,14.08422579
-21.55728504,0,-17.73738852,-10.18702739,-5.824961035
6.906574493,1,4.421019449,6.067969857,-1.69315856
-9.27944235,0,-13.85271251,-5.31810049,-8.337960904
2.84981121,1,-2.319187746,-2.54908129,4.238329977
-16.68978689,0,5.057832904,-4.287568822,0.076110236
4.948740611,0,1.539414714,8.564129529,4.460694312
32.41884412,0,23.75704595,15.14432042,15.23453717
-1.981841533,0,-12.09412551,-0.139225125,1.259525648
-8.967915173,0,-3.894963098,0.341587781,6.551761062
-6.987629779,0,-3.23186943,-2.979840088,7.27754749
-13.62721122,1,-8.422261477,-10.39955278,-3.426282201
13.29500196,1,-2.10586054,2.559032672,3.860305699
-4.550018769,0,12.01287624,7.658254258,11.94549002
-2.088963672,1,4.211468154,2.079259927,4.161161444
-24.39713159,0,-9.807298911,-16.41035638,-4.017440197
1.542360284,0,0.304250887,-0.22074906,0.458395268
21.78353412,0,-0.306265919,8.532039079,3.553441889
-15.17439254,0,-6.458397614,-5.841754797,0.138822263
-4.9596858,1,8.373560177,1.233085505,-2.95265538
28.23689847,0,9.486991658,12.29154866,13.41165397
9.786520782,0,-3.547865429,6.550922883,2.439090296
13.38030114,0,5.870118697,8.256423583,-1.723099741
22.34112815,1,11.44179261,6.991545788,4.810550183
-0.054127076,0,2.59926926,2.58049409,8.478924939
0.474510301,0,-8.475376247,2.734909869,-1.051206142
28.72820566,0,28.66208856,16.47282927,24.30440407
7.134731523,1,10.01465732,3.585942332,4.590047547
-4.8778989,0,15.16901869,5.31058756,6.996501569
1.255371404,0,2.294063884,-2.352666042,7.584846952
-13.08497126,1,-0.43763903,-4.133423961,3.870319013
19.39256015,0,20.81024192,13.64051245,5.547944475
-1.196780651,0,-14.93973093,1.971427346,-3.140239203
11.98963674,1,5.669486585,10.19356971,6.928826988
2.99209368,0,12.69016571,6.914313138,3.434702667
12.92221703,0,2.222031149,7.051539634,4.285572826
6.230867245,0,10.13226788,3.76912515,10.08901064
7.655840255,0,7.076831103,7.411108035,6.96325514
11.84494517,1,-6.968137283,4.697241663,6.8278946
-5.835348406,1,2.053685459,-4.23455287,5.839178404
0.494705185,1,4.217927578,2.280505485,-1.787609649
15.87871629,0,19.86342171,10.39536189,12.26047114
7.667526142,0,-4.285532793,4.683631908,8.877456226
32.6056221,0,19.03280744,11.14652993,24.35434327
8.598867617,1,-8.560523467,1.20939013,1.633684873
8.389767122,1,14.77172185,9.023504893,13.98228206
-21.20094321,0,-11.68095025,-6.644474869,-7.600967486
3.04666003,1,8.500902619,8.380867206,9.409500401
31.30841207,0,5.99315095,17.71304563,5.83837178
-2.789365153,1,0.484041921,-2.165948408,2.765366317
-1.041179748,1,-6.544891468,1.97648236,7.869537429
1.603829635,1,10.61313246,3.991112214,3.855183897
-3.142991929,0,3.882850658,0.810559995,-1.129895004
4.266619265,0,1.036962849,1.795753168,5.595761203
11.9819443,1,8.110454588,8.813618011,-2.533117531
-1.682850093,1,-7.903409577,-3.113348701,1.826780547
12.90834362,1,2.765365556,10.99535669,3.820336085
-16.92713723,1,-3.463799683,-8.768513094,3.788451596
-16.22899781,1,-18.69755373,-9.814452202,-7.496309813
-4.301647708,1,2.473444341,1.530127883,-0.005278648
-0.867043516,1,-5.337333461,1.899760201,4.147082095
-6.702184939,0,-2.50234214,-0.535233093,5.7500883
27.73195493,0,15.74750596,9.017256161,9.060852272
34.89374587,1,15.49132468,22.03972282,13.76362325
36.26195706,1,21.9435325,17.31024805,19.02200315
3.276178502,0,-8.14417905,4.482347437,-0.077929933
15.12063672,0,23.82191522,10.61097066,15.75689215
-3.203829235,0,-3.976469654,-3.620169026,5.788081902
6.720576504,0,2.202621509,4.303706448,8.469470944
-0.010265291,1,-0.66427076,1.355817723,1.36685222
-11.76206413,0,12.4325804,0.649076806,1.974779277
-0.146080226,1,4.374475836,1.987872408,4.351563208
9.612269053,1,13.90135763,7.780585727,4.249508575
-9.368215595,0,0.246610277,-0.86726649,3.382786177
-34.65501164,0,-7.310802754,-10.41341406,-15.23923537
-10.07575021,1,-21.18794282,-7.054146246,-7.93124396
-26.64040072,0,-15.53869395,-8.47885517,-13.98035408
4.882004312,1,2.771117868,2.726950797,-0.311640384
21.81225061,0,9.757004286,10.64258323,4.626248688
22.88094507,0,9.430169019,12.28407254,4.352751949
-2.480832715,0,-8.089580648,1.220967659,2.51280253
34.22036846,0,11.52923874,16.08495302,11.22544688
-9.191971726,0,-0.445040904,4.378111838,-3.08291887
-12.55899335,0,-30.0837531,-5.953342866,-5.534433242
23.45813148,1,11.00925405,12.26782935,4.413107253
0.964369977,0,-6.477751166,2.585882194,-2.538520893
-5.587199358,0,-3.23086031,2.271593692,-0.538134008
-14.99413281,1,-6.534915502,-5.082256606,-3.903402575
8.420041227,0,13.50083243,6.667919271,3.88059435
34.35863921,1,19.88301329,18.50308126,18.33842475
-12.90161924,0,1.043706175,0.597628026,8.421568064
3.046575719,0,5.633925664,6.157481073,5.719655727
-18.6355252,0,-9.653212723,-6.255537433,-9.032504434
7.948044947,0,17.35185234,5.870459468,7.819349522
10.89876633,1,-1.442161959,5.120760514,5.606298792
51.6784404,0,30.27696687,29.77364444,15.93610673
-7.850905861,0,5.832747019,-0.43220393,5.656458152
-8.995965323,1,15.38874264,2.688501009,7.370193411
-9.38466578,0,2.208460001,3.106964278,9.135638862
-5.917436167,0,-1.158617159,0.151820658,8.435222187
-7.852933248,1,-4.837258901,-1.921273785,-2.448559053
5.681856096,1,9.409994426,5.435544671,10.27043301
7.60645953,1,7.869001525,2.064115407,3.220826109
-10.55174711,1,-3.604745156,-4.763678117,5.110552044
-4.304849402,0,8.774211718,0.353177036,5.606937088
-26.84958928,0,-22.40897356,-11.40691013,-10.10247423
17.59060813,0,15.65203011,13.9400991,8.508495886
19.31789092,0,9.188602208,13.50210684,7.915519802
5.419752955,0,16.48237981,7.226610752,18.56708539
-18.53341699,0,-1.253795108,-5.227930851,1.40547206
-6.452133273,1,2.242871239,-6.459591265,-2.365419554
9.859624642,0,0.016556479,8.963516565,4.033436866
8.703918913,0,-6.264915575,9.750204921,-1.670491437
21.16968371,0,-11.34945226,4.274713999,-0.881343101
-5.711379714,0,-12.52600448,-2.046203596,-3.153433586
-20.35284092,0,-9.062796482,-11.64715473,-8.316318992
-15.97367572,0,-0.429528774,-6.548663583,4.436024936
20.86443369,0,29.73943635,19.8874984,12.75214623
11.07556235,0,0.578989944,3.616215172,1.516979346
10.05673272,0,17.00394709,8.923177733,15.59651076
-5.701183893,0,-23.10634874,-0.399387886,-3.719159211
24.07354819,0,8.943050219,10.67065201,8.397922798
0.434248884,0,-6.341643003,1.6650673,2.634832692
12.45326519,1,-2.036279283,7.313471595,4.590776121
-4.953850201,1,-2.234118832,-0.349684627,7.828015696
-0.247340064,0,2.959058727,4.648889639,2.028078453
-11.1929952,0,-10.86981249,-2.609797933,-7.740107484
-1.035148044,0,4.093702672,1.867054881,9.190896656
-34.40666916,1,-7.018669456,-13.23788986,-11.39425651
-10.7373926,0,-5.076319783,-5.519071974,-5.043487145
-4.079616838,0,-8.973268587,0.863428244,-9.160987942
-15.73294425,0,-6.833888482,-4.225215282,-5.64943817
-8.833982097,0,1.392314191,3.13408032,7.107064418
-19.50046168,0,-0.311224307,-0.565764869,-11.01207588
8.742758551,1,12.79004662,5.396682845,14.26709237
-8.650852587,1,4.34941282,-1.262444128,5.53696752
11.76217197,0,-11.29887486,2.914099938,0.297890588
-9.469670287,0,-2.677544252,-2.897191555,0.628249684
12.89422193,1,10.77268755,8.308765251,6.778837133
-15.95985177,0,-10.10507557,-2.539293736,-8.224551985
-0.900918461,0,22.44899651,5.510104874,11.866307
7.347949632,1,13.43140749,5.793719331,15.73995008
-1.993798658,1,-3.817854455,-1.825954361,4.49611633
-5.747203853,0,-2.529683096,2.737902831,2.477588122
16.96820404,1,12.1621122,6.774550906,13.76031911
18.08981172,0,23.80920619,17.04559442,10.15679357
-27.05020594,0,-11.26386192,-4.678658642,-5.316020063
6.250808022,1,4.349097538,5.460096773,0.809214026
6.616110197,1,-15.77679214,2.282685202,-3.44865002
5.841476526,1,4.132510248,3.61686205,9.501831512
26.1483772,1,12.45634926,8.842761854,16.80275514
1.489670219,0,9.575331472,9.540318047,4.513992096
0.930115379,0,-7.229987937,-4.960299964,-0.061306799
39.60193366,0,14.59733679,16.95598394,20.24600769
17.48628876,0,9.739266004,11.76937382,1.09982299
-27.76113116,0,-12.5532923,-10.36639888,-6.482351369
-12.75131329,0,-16.14343618,-9.752906175,0.622068385
-3.899191758,0,19.85982766,5.78221671,6.746811424
-2.40763703,0,2.264811859,4.531367303,2.577059089
-5.67490346,1,4.848895813,-1.778770877,8.456260775
-4.195833384,1,7.545164987,-0.246710062,11.55880535
21.25813626,0,5.044847759,10.7592066,5.185768841
7.982672131,1,11.15363762,1.013600336,7.028504187
-13.5599323,0,-5.827951857,-3.571070664,-1.785753353
4.13553553,0,10.34187954,7.864703576,3.866204689
-1.302418613,1,-6.760337299,-2.060386831,8.892256267
4.516520756,0,13.51703677,5.537000485,0.358151319
-21.53419277,0,-6.04799151,-3.422250775,-7.163115106
-2.496031456,0,10.14954195,9.689644154,12.67061395
30.08559172,1,9.843286493,11.84014737,4.594410966
-2.856658892,1,-9.431542211,1.229799049,3.428793912
16.72690821,0,-3.448630955,7.062603188,5.152876818
-14.27172704,0,4.896388286,-2.057511773,3.826257222
5.852480413,0,6.445515285,2.062169271,0.971953009
-0.689214437,0,-9.327080227,-0.174828294,-2.432994668
7.524717543,0,8.9695663,9.149098426,10.31155354
-8.688441943,0,2.067622748,-0.044237393,-6.838763309
15.10395237,0,14.95584321,9.9967398,4.653207295
8.356111374,0,8.291306229,5.868976821,7.997275179
-11.4372926,0,2.577020682,-2.573653598,-5.307122323
9.974898046,1,6.892463912,6.816881814,18.71375667
3.487978842,1,6.189788269,1.104176804,-5.129966438
-8.057941453,1,-8.370497043,3.562641756,4.76980003
11.85356127,0,14.42597499,7.831456208,20.86985686
-5.88759248,0,-12.83303119,1.149067981,1.557416209
37.81488567,1,17.71738772,19.38766403,8.991693444
11.37166163,0,14.51216719,8.729550655,2.340932145
2.485702144,1,-2.20843772,3.967106627,-0.867133513
23.02412266,0,13.09229281,16.05946821,5.290179669
-39.68540567,1,-12.25185743,-15.42207883,4.232972943
16.39913377,0,19.17281235,14.45142269,14.82495755
14.99591278,0,3.806419533,11.14448241,5.922065085
3.579855525,1,1.663453963,2.158800169,4.537883817
-6.496904812,0,0.487513982,2.522088393,-4.806484475
-19.46215884,1,-7.540514926,-5.381155069,-8.250533507
-9.525787452,0,-0.727545561,-4.712114919,5.957700669
18.01932452,0,1.120073393,10.17417807,2.39855877
-19.52705586,0,-10.06932056,-9.384535494,-0.863258194
18.10923272,1,18.73268063,12.41988566,5.716930411
-10.11083447,0,0.543163727,-2.028468624,0.516421923
-2.570940601,0,-9.820219043,-1.512619008,-4.41269712
-16.37029119,0,1.177285576,-5.013507241,-1.182300385
-11.90285526,0,-14.95394523,-4.751159146,-0.996274472
-10.63238072,0,-9.655727175,-2.39450813,3.077968404
-17.74649016,0,-7.969468261,-5.871225526,2.829717655
29.09092998,1,14.04094006,13.64212982,20.76139673
17.54349801,1,-2.506580219,9.326980883,2.759082208
9.893632603,0,-17.40984182,-0.050511801,2.263813583
9.789030531,1,4.48777734,1.984743983,8.730507652
-2.7194965,0,-4.109173962,1.039421904,-1.239430684
12.5222844,1,-1.422373407,9.002033356,2.750537886
33.64311365,1,10.52542718,18.30135483,6.04272576
6.087867169,0,5.224203556,4.59151043,9.201245523
3.632629008,0,-2.669230871,5.017220098,4.954943778
-8.258073353,0,-4.588210976,1.005585639,-0.404545552
22.19707229,0,24.18619559,15.59813811,14.17588837
-4.572508904,1,0.188607454,7.354209186,-2.999539946
5.036495079,0,-2.345295091,15.10954606,8.405141022
11.16744486,0,14.23093757,10.68372025,12.83222638
-0.68880254,1,-0.569665869,0.472103503,6.694856834
-17.95242625,0,-11.62907971,-4.216119291,-6.730286092
7.129037915,0,20.40937812,9.507872334,9.398097202
8.930322394,0,14.0632189,5.768720555,6.316791808
15.15439973,0,5.887997571,8.222892393,2.439552776
26.27521272,0,5.834647035,16.98933262,9.486973114
-27.01301153,1,-0.49626703,-8.885118069,-0.692159673
1.850430377,0,-1.213562455,2.110189191,4.584824913
-3.251182704,1,6.18539523,4.975848213,6.063716527
3.344179377,0,0.1738012,4.114189009,-4.453278286
10.12190777,1,4.589107424,6.826736352,3.417062503
-13.99486899,1,-6.630827994,-7.674801393,0.483233608
14.11660161,0,10.9935744,7.3018261,12.63974909
10.63791657,0,12.92445412,4.545714055,10.8044751
39.14706059,0,12.59545567,21.99112419,19.43169734
-11.11213766,0,-9.496804147,-4.797473747,0.50975632
9.737468731,0,-1.862766545,3.610373919,7.034090833
-6.426051492,1,0.343104963,2.764064432,-0.9368006
-23.54183566,0,-11.83126644,-2.079361003,-8.000824496
-8.45866184,0,7.615686203,0.531839159,7.575461177
7.573304679,1,4.760915974,6.573936391,7.479630983
-2.568529731,1,6.156357477,3.929128774,-1.200020554
21.82927429,1,8.698034276,11.5850638,6.292742732
20.0877773,0,20.36605403,9.659737758,5.798297195
22.87318772,0,14.19296458,15.11752904,1.997253117
8.243853623,0,5.21751572,2.069133513,10.24486837
-23.48497523,1,-18.06597963,-10.43961692,-0.557545873
2.560270002,0,-3.473953017,5.202952087,6.922568538
-6.434631219,0,6.032834748,2.48788334,-1.465698388
-14.66112241,0,-4.499042581,-1.50548235,-0.711510208
30.86314309,0,1.761688821,13.29573811,-0.558418103
9.459431625,0,-11.13108252,1.566619772,4.47765361
-2.732373893,0,14.66586258,5.225864231,1.150935369
20.28324327,1,24.5892604,9.033331841,19.17933109
8.825047124,0,4.680797323,8.112042115,2.254426985
5.655668741,0,-2.400604568,5.095168064,9.582895601
-4.013184368,0,7.143724866,2.187984251,6.170463709
6.819468666,0,7.814704771,10.16851453,4.788132135
1.288029705,1,4.987534601,-1.83639586,9.956998258
-9.37627598,0,5.295036233,0.661614014,-6.719627796
-14.6181594,0,-6.991963491,-4.088599667,-5.380537655
3.877764601,1,-1.549715063,3.451223961,13.35327417
-23.05310248,0,-35.0851873,-13.32345441,-6.388391885
-8.680966072,0,13.51868743,3.245107448,10.78377078
-5.450112089,1,-10.55993903,0.117902746,2.213755224
-1.77761435,1,4.971532481,4.615585343,-1.932384965
-1.890923925,0,1.776794189,1.32896817,-0.347838861
15.59469694,1,9.56607761,10.63757099,6.772708693
22.59439608,0,15.59836543,16.70185991,11.81980208
-3.382530287,0,14.15151622,-3.158575497,5.911836064
-8.391990955,1,-0.357050673,0.400930978,0.226686175
35.14212658,1,22.10334551,17.3564774,18.77862747
4.449288126,1,-4.920186556,3.313007069,5.070006315
-17.85083558,1,-2.534312636,-2.349312254,-2.783302315
-4.186276073,1,-5.096828903,-2.255658595,-0.405872996
-18.89731191,0,4.914478016,-7.619911908,2.323358091
42.35775502,0,12.34252526,18.81846396,7.667008511
-7.936865933,0,-13.94668109,-1.58510292,-0.135213873
3.167560903,0,-3.837278507,-0.987415097,4.087101286
18.6681025,0,28.93986759,12.52971671,3.152192742
0.904636244,0,2.518409883,7.196208585,1.36223426
1.585639468,0,3.537828025,4.872741354,4.153435302
-0.057006088,1,7.463339297,7.844101425,4.473595628
6.434716162,0,3.528309388,4.682034128,15.57842211
26.42249186,0,7.984306057,11.58416937,-0.824830895
30.40997519,0,4.539535085,11.50333476,5.748841494
17.24973522,1,3.037224532,11.11034871,0.962790929
-0.183776769,0,2.12338996,-2.08781572,4.59522358
-9.454341468,0,-0.39247551,-4.079607079,-6.016096537
12.88093575,0,10.76557005,10.12543147,7.946144273
-9.560080733,1,-20.21757141,-5.772807783,-2.590098341
9.273842957,1,15.82238036,8.884079398,10.73228811
15.28126893,0,14.82718525,10.90747336,10.41511656
-0.154684395,0,1.587097362,0.124358721,6.36735467
-7.486702731,0,-12.67093112,-2.493194256,-3.648137217
-9.238430195,1,0.016848515,-6.212327457,1.245251739
12.37620691,1,-11.74763768,2.388053606,9.020895221
13.39285816,0,1.097502705,3.873975924,3.202990465
-4.055659648,1,-7.361244062,1.675590068,1.778933471
-2.45484665,1,-0.985962917,-0.886886674,-2.362485875
22.67278631,0,15.05897674,12.12669977,14.10636852
-19.05500822,0,-8.754804012,-7.452306587,-11.52799993
13.50997736,0,8.284259812,9.831181412,10.03875507
27.24584741,1,17.09580549,15.71690292,11.67860891
-0.133453448,0,0.819665739,5.238046177,5.993855743
-15.56814773,0,-12.44275712,-6.52338112,-0.437365984
5.335538694,0,-3.450181919,6.183106156,-0.731533586
15.89467965,0,10.38333146,10.08293531,17.02507215
-0.681545496,1,-2.473430892,2.098075584,11.46881253
-0.574067364,0,3.723260392,5.136216752,2.719117508
-8.563297312,0,-9.654987307,-3.500519765,9.62026669
-2.637457627,0,6.717857317,-0.978882905,-0.741536803
10.01502146,1,21.40834081,14.60151822,7.873428643
21.28413478,0,-1.067318969,3.884158223,2.404304795
-7.045264543,0,5.471599626,-0.311064519,5.670316315
-13.28507629,1,3.714974367,-1.992490425,2.12509647
6.51804568,1,-10.48449808,2.46540133,-5.589049494
11.84481957,1,6.2802304,6.134567822,5.365148538
7.217757182,0,8.279528871,6.992189894,4.206335668
20.56794385,0,-2.774125488,7.808449289,5.715441506
12.26197918,0,23.59342501,12.70791181,10.15376286
12.63382397,0,5.450019265,9.22376802,10.64599948
8.028956469,0,-1.771043456,6.328449074,0.15078862
0.487837698,1,1.658154977,2.734333706,7.534244086
21.2794471,0,23.31671891,13.42035743,16.51943098
-11.10372713,1,-2.745599064,-4.444313764,-2.516123872
5.396974286,0,6.172734354,7.230066076,3.860962946
-0.712284792,0,2.218651486,1.15321103,10.07067399
17.90353398,0,11.59754969,15.33545182,8.47761323
-15.63885745,0,-6.134578867,-1.803321504,-0.237815875
-2.235926882,1,17.38543047,4.40695019,3.53757587
7.687549752,1,10.27367319,7.070592725,6.977813647
-3.762279669,0,6.029188511,-0.624957262,4.803358812
-14.9603526,0,6.876451197,-1.773593112,7.765514202
0.817084547,0,5.456759519,-0.102388564,2.110518173
18.66083436,0,27.38356729,15.76698714,10.74243977
4.52236052,1,-1.477274338,2.973286831,-3.950549959
6.16989363,1,-0.679056329,2.253279891,-0.012381119
2.479435933,0,20.43327319,3.547947622,5.240639164
7.771894685,0,11.50666358,10.96709504,6.93356791
-4.54103785,0,10.869506,1.517824262,13.33938431
7.066160063,0,13.54302063,7.680928835,2.938873955
17.49706493,0,10.39189121,13.87084261,13.29972231
-22.33613148,0,-8.066928722,-8.67703683,-4.033748281
23.70116367,1,3.895391886,8.860744629,11.54173198
-28.12614493,1,-19.77518598,-10.87054696,-8.359217097
-0.568405502,0,2.340415074,1.966761931,1.69548957
6.838729052,0,-4.846900579,5.161889633,-4.463451212
3.904862806,1,-3.837216548,3.139044017,-0.724066805
-30.67807395,1,-25.9345643,-11.62076367,-11.84930986
15.23215911,0,20.30303667,6.857255383,26.56644202
10.19859926,0,8.091369194,8.624095144,5.557014518
8.93123841,0,18.7074667,8.022734474,-0.499770974
6.022957826,1,-0.086067757,4.283795386,9.852058056
-5.9335435,0,-9.792028112,0.945841298,-7.25262171
-7.179952068,1,-18.29507362,-6.150362479,-5.350464827
-12.56602137,0,0.040396869,-6.151564521,-0.237521887
20.05854129,0,0.234562517,12.04366334,9.355929637
-2.287402824,1,5.333045024,5.288773919,-1.158029776
-6.392294779,0,1.176966435,-3.334860153,2.657508262
-2.936446616,1,1.59372584,0.530053362,-0.768409739
3.334868687,0,4.703661568,6.042927663,1.442517349
22.14434031,1,3.751836862,12.15104735,5.859941707
-21.05230046,0,-6.251217822,-13.28768058,3.502042445
13.18569565,0,12.63525623,11.21629989,9.671515439
7.947745135,0,16.57624617,11.78182613,4.365556692
14.11236371,0,4.028024724,7.584350958,0.930383323
-16.79221888,0,4.144309802,-5.107660284,-1.141567171
-0.52376973,1,-0.239101082,0.785532052,6.008739717
-5.083948741,1,2.838335007,-2.898452007,-1.99139091
23.67731732,0,13.24497618,11.08971479,12.945291
8.013032305,0,12.619401,9.272510671,10.72362439
-9.421181711,0,4.833307797,-1.072963081,3.739238838
-19.63217046,1,-12.21564933,-6.683384563,-2.002693639
-3.035912234,0,7.061920222,5.32988119,7.964514867
6.63533014,0,8.659145793,1.148296348,5.796108932
20.27149055,0,-0.352137806,8.216095763,12.12648859
7.305618428,0,6.808239962,8.644589418,9.244743372
-21.34229804,1,-11.63033213,-10.00630457,-4.864645897
11.47963611,0,4.799811874,8.143113172,10.60022536
-16.20089568,0,5.593782061,-0.714724201,-1.410452216
-0.944493282,1,-3.958079267,0.976511548,-13.22186767
-5.790750334,1,-16.23992505,-7.397347485,1.718880354
-0.443779147,1,5.126014296,-0.738613663,8.318075248
-24.42429032,0,-2.692052808,-7.092836197,-0.383526027
-7.595180094,1,-4.106431362,-2.040974779,4.159922434
7.237891838,0,6.830137917,9.399825603,0.654956646
-8.936108173,1,-4.752206939,-3.040830414,-0.754562413
-1.31455681,0,-6.446126161,1.911440655,6.364514875
3.697184594,0,5.725295338,3.092656445,2.204264341
10.32537643,1,-0.795655758,2.31487901,10.50292577
1.454120812,0,22.62785102,5.716689212,6.493538914
3.971115044,0,-10.60938874,-0.175808003,-6.254834809
-16.87065519,0,10.94512257,-4.713678004,6.237693356
-3.817164499,0,6.121408746,0.506409643,4.493377472
28.92528109,1,5.067750406,15.16664613,11.00786045
3.592696095,0,4.292085235,6.768047326,6.389884597
8.104968478,1,0.029148801,6.803464066,14.41795987
-5.364916866,0,-11.42796614,1.250784604,3.069909311
16.52138659,1,11.25557104,7.026186338,3.056842128
-0.60543261,1,-1.573246628,1.767278986,0.058956473
4.454022919,1,-8.57496429,-0.234387913,0.785063294
13.53049988,0,-1.233969525,9.801036655,0.440005329
-7.111591745,0,-15.92403207,-0.402128689,-4.735133646
31.48131955,0,27.08025099,19.34557272,9.048435752
9.532848586,1,13.78775326,6.214251088,9.557541612
-0.245868594,1,-0.811190959,7.258936943,-7.810573851
1.075405008,0,-7.333507106,-2.302365621,6.120868254
-16.04508313,0,-11.46762252,-8.548410836,-6.372542465
-8.863852411,0,5.381826811,1.862558685,-1.073071899
10.46347274,0,12.76719577,7.833981036,8.978846393
-0.709202681,0,9.203283781,1.346009949,1.907428167
20.42132279,0,14.35066693,14.04322171,9.965802875
9.708873614,0,6.591525616,2.245602837,9.258479031
12.16984974,0,8.220685039,9.048433846,-0.032883146
-14.70468109,1,-11.72967605,-8.395841773,-1.254438058
-21.21708806,0,-0.664845334,-0.819014091,-1.358552701
17.48719355,0,10.06400738,11.88670147,8.830059041
27.78629632,0,11.41621152,12.71029366,12.39745129
-5.312934483,0,-7.447827737,-0.186895679,-3.692061909
38.16786231,0,23.83553162,16.21695887,22.87217191
15.43067766,0,-5.260129276,7.795554189,8.966943427
32.62898941,1,11.94023498,15.15200575,12.76965295
-14.76775507,1,1.88485305,-0.942369378,0.912504017
-8.709940795,0,-4.032034977,0.131326762,6.249723924
-7.280746723,0,-10.65143583,-5.419264533,-3.967572212
-8.153376384,1,8.011972294,2.232701899,3.070897833
-5.179840151,0,0.136475625,-0.125842287,-1.787183034
6.3878897,1,6.624055794,5.066790473,4.831155877
-27.55757005,1,-11.74233836,-9.819378569,0.769298076
-21.02918139,0,-7.41996812,-3.592316559,1.079606796
10.75049906,0,10.53278123,9.697141113,8.352415645
4.490443058,1,6.657639001,3.920555118,7.137307265
14.2995596,0,23.68725916,14.64068304,9.029776357
-15.50637655,0,-3.989956746,-0.356381384,1.187231792
18.63156076,0,18.44877751,10.54335544,13.44494927
-41.48619773,1,-22.37721503,-15.28829866,-14.80086467
11.57582862,0,23.9084779,15.5806844,4.556948788
8.423656139,0,-4.795431892,2.633701995,5.559028328
-4.162567805,0,-2.914050555,-1.85564857,-4.871301079
12.26031423,0,-2.419901904,4.82772234,7.833635247
-1.34327233,1,-9.062004593,1.298945149,-7.820759471
13.14378639,1,6.156714875,9.894034962,17.14149245
9.981631911,0,8.183192951,7.470413843,10.73388679
-5.841617894,1,-3.207102085,-2.217101444,10.24445019
1.799501997,1,-13.67748225,-1.437782241,-0.377375621
-13.2317241,1,3.096604479,-3.155352126,-0.900572412
-7.446935141,0,-3.837793451,4.883595614,-6.270218973
10.29190508,0,-1.360343811,8.759439225,-4.847014912
10.9707886,1,1.66642313,7.52856323,7.760130801
21.34045315,1,15.01165225,13.36027208,11.11838029
-6.446702074,1,6.792449482,2.365762359,4.844484178
29.42694899,1,5.615139266,11.58168094,9.41711719
5.404508192,1,10.65355373,1.29152444,11.74001289
-3.141296766,0,-7.429940243,5.969873943,0.692380264
-15.73806576,0,-16.70066318,-3.808646687,-2.008190372
-1.509844508,0,6.480618948,2.896008983,-2.166420101
-0.28813066,0,1.93365815,1.964415125,7.347674313
17.89788866,1,12.17433671,10.86495056,4.957583101
22.5891585,0,7.856296543,12.98786344,7.730429248
14.89007509,0,10.63873941,11.65490009,10.23723758
17.8651439,0,10.23626069,4.887175369,12.75412674
-3.904059683,1,3.771065253,3.573961402,-6.088814405
-1.553998371,0,-18.56776238,-0.481738442,2.565144214
2.663560348,1,4.319887982,0.897146233,8.939749806
14.18397077,0,4.665754298,8.297847649,6.09667349
-0.016951828,0,8.029162632,4.299956188,8.462765017
17.8646091,1,1.731977746,8.188589276,3.775738496
3.068382207,0,6.89097538,7.142773962,-2.574762088
-2.689353148,1,-3.962628657,1.351342504,12.02088767
-4.304514147,1,-12.29745819,-1.602580759,7.900841178
27.0292511,1,2.814109693,12.78686688,6.297846333
-11.44219079,0,-8.127301592,-3.904217634,0.902162777
-18.72083918,0,-0.560309078,-3.893274558,2.433841976
0.235219926,0,-3.632718274,-2.985438445,5.946740434
31.04711395,0,13.48619372,16.79266711,20.50250908
34.63370307,0,14.10543744,14.91252205,18.40727993
-4.612734198,1,-12.69756649,-1.958117061,-3.663564335
-5.652487963,0,6.127079591,3.165006786,6.118926486
21.42883964,0,13.82934019,11.06752212,9.126683473
25.26939447,1,11.49568573,12.32331588,2.449274925
-25.19736075,1,-23.89855987,-14.70388115,-12.97518248
-8.365573342,0,-0.603099746,-1.062834483,-4.88035194
10.15973624,1,8.533179393,6.411216047,8.891478093
-8.803097999,0,-2.382006089,-0.437524087,6.53701927
21.08067193,0,18.03346803,11.23249635,10.13294434
-4.312901697,1,-19.92942479,-3.627469883,3.425656868
0.489669864,1,-4.35363785,2.936302587,-5.040238658
-3.668404516,1,-9.562493994,4.071450579,-3.08812094
-3.998596565,1,-13.23756759,-4.757148953,-1.997836503
-27.31704353,0,3.814998698,-11.11327694,3.471948279
0.850368906,1,-3.165008559,1.225624832,2.419899042
-11.71891123,0,-1.956537066,-1.792467987,-1.940515905
-17.41363421,0,-9.272412309,-4.118843386,-4.857868781
-13.40095193,1,-11.99474136,-6.463244664,-2.091858701
10.15851597,0,5.767345228,6.053563207,12.15972099
-10.18237567,0,2.980101544,2.792121175,2.259001073
-24.97540823,0,-3.911261426,-6.386309188,-4.325944336
-2.414733044,0,-12.31415274,0.829676257,-7.554246879
-12.06701322,1,-10.92517615,-7.217345268,-2.871986615
11.42838579,1,10.47621262,5.887348557,4.95411904
14.82881372,0,2.799383069,9.480897509,7.713435584
-12.49730176,1,-1.38787968,-5.361560747,0.679113464
12.85918014,0,2.889340194,12.73771214,11.94950197
7.446786749,0,11.44291102,10.67484293,13.52434209
13.37920616,0,2.462746629,11.88127121,9.760249606
-3.086236056,0,3.656152813,2.391842577,1.885101532
6.776128055,0,12.04844905,6.380061571,7.719740171
-10.27549581,0,-11.36941147,-3.478230435,-2.975934134
2.801254768,1,1.338702818,2.288284396,-1.236935206
-12.89303712,1,-2.599482932,-6.899943659,0.118050531
-29.49438169,0,-6.01582962,-5.112405662,-4.019599823
-17.14417506,1,-9.506758047,-4.139233127,0.49739802
12.22369796,1,14.91406127,10.43517481,11.07809809
-6.199384943,1,-14.65884478,-2.548181982,7.434261822
1.933925013,1,0.623086031,-0.707302349,11.2480457
15.53468242,1,9.409181732,12.03426462,11.62567304
-4.109446068,1,-0.488216947,0.942603555,-8.033284221
24.98473795,1,-15.6865396,6.338790645,4.832485022
11.37360106,0,6.795559559,11.69771754,5.47360522
-11.98945819,0,-12.33257559,-3.609547852,-8.075689454
14.55883855,0,10.00290092,13.64297924,9.88813847
-6.771442248,1,-14.15662971,-3.474037604,0.634039251
2.371937279,1,4.0191917,2.499566611,2.855147006
0.913195122,0,-9.714256755,0.858288396,-2.447864386
24.33115824,1,11.87893548,13.82494191,7.43944013
-4.811328428,0,4.013717946,4.299108109,1.954640481
2.664435811,1,8.282004662,2.385370239,1.870666228
11.23999127,0,19.0735714,13.86542536,5.51842504
-34.11999569,0,-26.29876359,-13.63796758,-11.06405717
4.502989214,0,9.053556382,6.400734942,15.28559921
-24.69659543,1,2.783311411,-7.443906247,2.438793411
11.64134132,1,5.705724697,14.09338402,-2.075056825
9.448663837,0,4.006937946,10.94408988,4.033703551
-2.317468445,0,5.223414546,8.020082279,10.74501162
4.306373038,1,-4.817459507,-1.21019078,4.376425004
0.062180467,1,2.368221221,-0.409021804,8.895447724
-42.36748682,1,-21.68923406,-15.37895677,-13.48193712
-19.27553028,1,-15.07090003,-12.04657336,1.087469859
-9.940723755,0,-19.72017943,-3.662226767,-7.184848016
4.269140675,1,4.738113143,1.104402291,7.347926302
-6.758279656,0,-17.4041465,-3.649316102,-1.164269402
-3.331704206,1,2.322525991,-4.424222438,4.147611214
-5.626323656,1,3.5075683,4.125273355,2.714924874
13.24337448,1,-0.309490209,7.375937591,3.814249087
1.297654673,0,-0.073229391,2.701532842,4.147887288
10.44899669,0,5.95668463,11.39451941,0.005586264
28.64751488,0,6.711380359,16.00341204,8.397760022
-8.393554772,0,3.288991196,1.868573651,1.092531862
-7.31836958,0,-11.15429714,-3.470341893,-7.459439605
21.01609666,0,1.552815983,15.09442631,11.57720793
10.95991044,1,16.18461063,10.16143153,10.89526626
2.907768994,0,0.583649972,5.469232657,7.340082062
16.13869011,0,3.315760903,8.371236478,13.40368671
-2.808584152,1,-4.227491362,5.68361209,-7.905385733
23.94098289,0,14.83023142,12.84134472,10.30809055
18.87721418,0,3.627855218,9.278155344,6.828019412
3.975500451,1,-1.651049716,4.58376132,10.31983432
2.733743305,0,6.934549993,-1.092510759,11.39386091
-12.06601953,0,-0.624666338,-1.715061984,3.341165651
1.275107304,0,1.22317,4.167714883,1.268391273
14.37272849,1,12.16519568,8.837336628,13.48271
6.300442346,0,5.972756532,2.531642401,0.180219798
1.930709567,1,-0.367289357,4.081507889,11.35090588
-4.151793242,0,19.83563289,2.118919814,12.82288875
12.8912815,1,28.25620943,13.14637254,18.98408138
-18.64634887,0,2.08259768,-2.589855504,-0.536384372
-21.46341888,0,-7.525159268,-6.973877378,1.767603247
-20.73299804,1,-9.220751626,-11.61881074,3.175566437
13.34830538,0,13.64184811,5.04444235,5.935511118
19.35788078,1,14.29999963,8.477093613,12.91716537
-0.536696649,1,-11.32988674,-3.37615227,5.729169972
10.45632101,0,7.422215446,7.816234272,4.574203274
8.663747109,0,21.40135787,8.441106581,17.33919221
-20.70129759,1,5.007178113,-6.254807203,-2.376352765
-13.04557928,0,1.77435265,-1.930790976,1.324590574
7.724638036,1,7.970720404,2.963366917,11.81154013
-12.535338,1,-5.678886122,-2.988303577,4.92616486
-1.195150054,0,8.489749936,0.939410548,8.072870443
-27.66194117,0,-10.16440473,-13.8725616,-3.917227767
1.258781932,0,-2.189177079,3.166527205,-1.916961881
-0.001585649,1,-0.904579713,2.799050559,0.332163838
22.44638945,0,11.97364737,12.65180163,10.61912471
18.82909783,1,16.1808844,10.5573489,2.886261012
19.03665959,0,5.516366976,6.455710383,2.511783053
-10.92352393,0,1.421003169,-4.963133592,5.22961003
-20.22171608,0,-10.38938896,-5.625921163,-7.843142937
14.04159262,1,5.77416005,3.704751484,11.19933284
18.66076805,0,14.22899133,15.0610966,9.980891172
5.586154235,0,-4.676141773,7.135515683,-2.638201735
-8.122062693,0,-5.505783819,-0.871633583,2.569711565
25.74582796,1,23.80085367,17.17366254,15.76361819
-12.77250637,0,19.7742028,2.621510994,2.575841791
-24.76134637,0,0.462892326,-4.233379472,4.341180497
-11.07248149,0,-8.297643288,-6.285888311,-2.344970131
-13.19222813,0,8.22253858,-0.387608453,11.86158901
-27.58804366,0,-19.46174944,-10.97186142,-3.597238149
4.678241814,0,11.65068181,5.56349759,5.926255729
-5.80902239,0,6.127929644,3.184751937,-2.897491126
5.068731753,1,7.756374993,0.754015661,9.239434806
-10.87106703,0,-11.23237559,-0.018567044,-2.197951512
-6.384970571,0,-21.88441394,-2.27692987,-7.10451555
-2.693869327,0,6.838066017,5.371240182,4.288941875
17.00753202,0,9.588551215,10.13339716,8.009663764
8.137154975,0,16.68754672,9.656494427,3.793528386
15.91869918,1,17.43832794,9.619185921,4.929450423
-26.62778028,1,-20.97794896,-12.29032554,-11.28315113
-21.92244349,0,-3.315655942,-6.201444664,-6.329454666
21.50240991,0,24.90539392,13.96079917,15.58092098
-16.03835383,0,1.418513278,-0.101984795,3.149297816
5.916834354,1,13.30013723,7.837272507,9.410622304
23.77005431,1,-1.380118444,7.898427316,10.68858018
-10.36977318,0,-6.058471824,0.771146044,-7.189334925
-8.549595029,0,-5.995715294,-1.934108147,3.257977579
33.94273222,0,22.04338337,20.00643718,6.324815806
12.14682816,1,3.671574947,6.230475777,8.488809495
-1.600546963,0,2.042929297,-3.450488509,-0.607904877
-16.94751639,0,-14.49904752,-2.434625346,-1.997211039
13.42771759,0,1.872371958,11.48795971,5.185999825
-10.83664027,0,4.563719521,-3.414203318,10.60794605
7.634215175,1,1.689277606,4.070634892,2.919273527
-13.58851542,1,-18.3990995,-6.676389544,-0.140899104
-6.453374207,0,-10.13353717,-0.424421383,-2.884116715
-10.58941091,0,-7.049741763,-2.53480706,-2.618567864
5.184730592,1,-2.614350975,4.05501342,-2.274834778
13.98049151,1,5.590965521,6.469506316,8.953707833
4.933277045,1,20.02667316,9.578236512,12.17268072
7.876353474,0,7.55176589,5.810007449,-5.975466663
21.55442713,1,6.030867192,9.280762786,13.90501449
-14.70106877,0,-5.952007381,-3.273907264,4.188885851
-6.65106246,1,-3.883136394,-2.074891221,4.494816173
4.894082698,0,1.265071474,-0.5815912,0.762707626
5.434480698,1,5.78521235,4.295449736,8.928902388
6.066475392,0,6.283004299,4.474807649,4.361610157
10.37808294,0,5.291467131,2.634778504,3.428659615
5.718927238,1,15.82776105,7.847694146,11.51996204
11.52019468,0,3.304655039,3.731725171,1.383701668
-13.75057724,1,-14.34989104,-5.469003392,-5.932188451
-5.233399646,0,-17.09513674,-5.055287428,-4.342085445
-9.218735999,0,-11.56700347,-1.355289409,-17.49945266
26.31601608,0,8.297888743,17.95206712,12.37413024
8.555293806,1,-1.126831214,8.41869895,-2.528901779
12.52926524,1,18.81674058,12.83428127,22.82973457
-8.313537666,1,-2.475524977,1.479642301,-9.108067717
12.66245832,1,8.5840261,8.853412061,14.90576917
9.743992786,1,16.66524308,10.9121,8.095666316
5.347115706,0,20.81231413,4.807075552,8.555613586
1.993134502,0,-4.648849584,5.084792057,8.12933139
0.978293893,0,-5.77218067,-2.935282786,-10.90247637
5.400140211,1,-1.543925843,-0.197751703,5.124402317
-23.45392953,0,-8.914997715,-5.696255218,-4.659869303
-26.45356722,0,2.557048484,-7.766306765,10.79322805
21.96258425,1,10.78351324,9.357405268,8.592165738
-14.61405123,0,-2.633802477,0.237669142,-3.664578916
22.49565145,1,16.93005369,13.31456917,10.65124968
33.26761262,0,12.22003523,16.96230236,20.00619148
-4.20966508,1,-9.511025315,-2.976020776,9.305479185
8.06075916,0,1.827283128,5.374247543,3.013203998
19.75351761,1,24.16510517,13.35422181,18.20399641
7.358526832,0,9.166473465,5.312638862,5.700164397
-2.335958457,1,-6.839588912,-2.292556209,-5.567427188
-11.50583388,0,-11.19600369,-9.721219414,-1.143938091
18.11436453,0,3.984228765,6.086503101,9.025418823
36.09047698,0,11.92360634,20.29689944,21.17205701
19.02189702,0,22.83689411,13.89492658,18.79129958
13.27703894,1,21.74691699,11.73511428,12.91490083
14.21331405,1,8.70946171,6.844031244,13.31620808
-10.578194,1,-7.657016839,-3.464000408,-1.32341155
23.02122454,0,6.15697216,9.552377842,11.26988645
4.174791146,1,11.38638065,1.969296087,8.241301415
19.73979066,0,17.59730247,9.929719527,9.355368421
12.56656953,1,20.69191252,11.20947175,16.5189612
5.460691568,0,16.24382808,8.512484317,8.944704613
-14.96780096,0,-9.11706003,-4.555000109,-5.979470644
5.971136514,0,12.10789832,4.666809109,1.441589844
-15.60167795,1,0.452567732,-9.109356401,-0.752733968
-24.98780901,0,-3.732275679,-5.606112699,-7.887970046
-0.095287012,1,0.682626397,0.913192881,8.947144434
20.66697927,0,7.511770166,8.275373495,11.16860053
-3.435447321,1,-9.235477773,-6.57803615,-1.292791482
18.05108183,1,-13.4622078,-0.550196468,-2.737288906
17.78373801,1,-1.83543035,7.052656695,2.975292831
-34.0284284,0,-26.69757812,-12.2236257,-13.1143638
-17.89334208,1,-5.306212286,-2.401622368,-1.198643179
-3.563309964,0,9.817364083,0.050671857,-0.514904274
21.1495361,0,4.984963174,7.475345215,11.10042592
-9.646169161,1,-7.602777624,-7.69088203,4.479210924
10.86388645,0,23.78460798,10.95288609,6.837978811
28.76760979,0,16.87672999,15.92151331,6.352541983
10.56210909,0,14.81858169,13.00716861,9.997842016
40.28953333,0,8.765927111,13.07511406,22.83660636
0.137170715,0,-9.822357215,1.191067652,1.636892116
-4.613077847,0,5.563057869,4.286069895,-1.942436581
-35.27828889,1,-9.850849913,-15.92818938,-1.524618776
13.91297149,0,-0.025209783,7.757608655,4.230469563
-8.531044407,1,-3.758707159,-0.762550084,8.566752078
0.92528734,1,2.021411159,1.739448652,3.396443228
-18.44109716,0,-8.838114954,-9.873011543,15.27620152
-8.380480409,0,-5.504295488,-1.026919999,4.286262543
-13.44004411,1,-17.14947219,-8.115691189,-8.307348269
17.77265738,0,2.136937554,5.508841806,10.47061483
-15.74838408,0,-12.73278813,-1.161879251,-0.293239668
-11.85241318,1,-1.571607936,-4.596866185,-2.196417298
-1.736082027,1,-4.230586042,-0.333791391,4.522091972
-4.96206385,1,-7.831662231,0.06896516,-2.745349144
-13.67877645,0,-18.76874236,-6.697312271,1.825342235
-8.690672145,0,10.58644531,-0.569710762,7.552710241
3.06383107,1,-4.385886633,1.370275043,5.042316604
-7.693943484,1,-20.4856017,-6.110925426,-3.043863761
15.87407178,0,17.40541265,8.019746195,15.2249868
-7.823759885,0,-4.069097036,3.083064882,2.900659927
4.008392872,1,-4.218025265,5.63824933,4.76224791
-4.161340344,1,-0.321689992,2.173326034,9.314981036
-3.515478852,1,3.108531904,-1.484715387,0.351911311
21.18704439,0,29.6892841,16.82253261,18.28894895
1.948524746,1,4.093412111,-0.882276218,6.575128206
-14.79525225,0,6.390996256,-6.432495074,3.539989016
14.02000767,0,16.79495644,14.65883332,5.647518114
-7.178709075,0,-10.26652795,-0.275662863,-2.714628395
12.70755307,1,14.29979103,6.210872398,4.956841657
0.633788963,0,-11.80218151,0.860473553,5.690223658
-14.37402852,0,2.665706104,-2.906811608,0.681249769
7.450932819,0,0.805307683,3.326067332,0.578817209
-25.46057479,0,-10.51967337,-5.87188326,-6.367238926
14.83129235,1,10.93340064,5.178666386,6.629913071
0.115435637,1,1.933294182,2.191641807,3.960859383
-15.88053634,0,-9.72381148,-2.681326141,-3.667051022
-22.62383096,0,-24.29555526,-7.310800377,-6.83329766
-7.012761494,0,2.047898991,0.866966143,8.54927973
4.264118019,0,-4.525877419,3.09508957,10.6992883
28.3131327,1,34.80797026,19.59981743,16.51421587
-9.931584058,0,0.42996295,0.020343849,6.210902036
31.43540904,0,9.02913256,17.06870924,6.414689714
5.11801018,0,-9.060751314,1.082945659,13.37453374
4.678776528,1,-15.21442825,1.935071747,-5.462265973
25.99458473,1,17.24884491,12.16373,5.435568082
-0.427399585,0,-10.30520675,-1.515526746,0.696300697
19.34553239,0,4.462995092,10.24298919,5.146173706
16.77160073,1,1.212189224,6.90687836,7.421098059
20.26829536,0,15.46004021,11.19156257,17.67775752
0.195331455,1,1.632417359,-3.995000547,3.924385525
-0.456841911,1,13.39797424,2.718803743,13.70246106
-0.678615823,0,14.68245973,1.936521076,3.36556216
-8.662157474,0,-5.784899379,1.335642417,-3.165570208
4.594273546,1,5.731784595,4.360406105,4.940709589
1.505359503,0,8.138509745,1.511272514,4.630672362
-3.046968497,0,8.023739683,3.763073722,0.541402592
2.728881753,1,2.327342708,-2.437817449,11.9799054
-0.969617277,0,3.158956116,-0.666305565,1.040655022
7.47004044,0,5.955645572,6.118379467,-3.469831754
9.848282537,1,-0.516502876,4.264457696,-2.239343287
4.262988596,0,-7.128930307,6.893607666,2.141904823
5.799509975,0,17.68105257,7.601269328,7.919481542
22.20056989,1,8.745421674,13.46771435,6.085742197
-5.979377882,1,-8.063238997,-2.881306505,2.348751295
2.235831708,1,-5.64258583,-0.386262912,0.992866124
-18.65063326,0,-7.310995367,-7.781487203,-4.599333581
-1.703795153,0,5.690575841,2.885672021,6.674821937
-3.237173009,1,2.03384882,5.712880948,2.742165467
-9.372351362,0,-10.56651029,-5.853698224,-4.855423673
11.90474172,1,9.199354611,5.586008016,5.990743907
12.83212579,1,10.52563999,6.211539808,5.616691718
-14.2008501,0,-6.022509037,-6.897992135,4.005690165
1.6329635,0,0.71626324,4.164859455,7.202931935
4.113382365,0,-3.441046818,2.458530219,3.307832744
37.46163668,0,-3.631366265,15.40147456,11.35905102
15.39114501,0,2.208995733,12.91302247,5.561791948
-12.20161053,0,-17.07697191,-5.254991316,-0.673603775
12.06353293,1,12.24117093,8.224092168,10.23737867
1.05382794,0,0.578448983,1.50564577,1.432692773
-6.632646031,0,6.172218687,5.145951559,7.934906671
-6.059382074,0,-2.021706325,0.950972493,7.287805213
14.53387859,1,2.670025401,8.664661658,1.299410765
-21.45140501,0,-16.25840395,-5.722733546,-3.858819023
6.88239588,0,-3.002256652,7.153830516,-2.511123784
-15.3267833,1,-7.219836747,-3.573336061,-3.488041002
13.60084244,0,2.585071268,5.704458803,7.516164938
10.05920842,0,6.53472762,11.21694792,7.844852146
25.79413133,1,-4.097810306,12.95299731,2.773625223
11.35834837,1,14.73174881,8.703671792,8.957952985
17.578338,0,18.5901281,15.32244807,9.389343195
-8.956063239,0,2.215630196,-2.33178996,9.571765786
24.10817672,1,8.990334976,2.778562359,15.04226164
5.839509123,0,-9.523085047,1.281448077,1.511559016
27.38516501,1,8.010022365,6.017267153,7.436051793
9.599795827,1,-0.966727841,2.191147356,-1.969786973
34.75468549,0,13.78767397,16.04521839,6.443639608
18.8298314,0,7.880748112,5.092667733,13.69201561
12.91509484,0,1.256277746,6.964388391,7.811290735
24.16853834,1,14.57647182,17.94237213,19.95399885
2.022740258,1,9.680279202,4.885481201,3.250493358
-11.5294893,0,3.167500952,-1.985157321,-0.238828429
27.56916694,0,19.50129691,12.76817295,13.41469567
13.49384503,0,12.39797823,6.647095174,3.950433422
10.20800007,0,3.260191489,9.081578934,-1.849152618
-45.14426774,0,-4.692265947,-16.13459966,-2.182704751
-23.37976447,1,-2.470722633,-3.767064675,0.537020407
6.126720337,0,-0.126897408,4.40444478,4.025218418
5.617399661,0,9.000288634,12.59344547,12.73360141
-15.24420967,0,-0.777159825,-5.568470182,6.277006403
-17.96685724,0,-4.980301473,-2.540106573,1.488232809
27.94956427,0,11.32942323,11.57748665,9.286453684
-2.079231682,1,-8.682507674,-1.342751422,-1.220460028
18.97518477,0,13.3436896,7.074874756,10.89728253
21.42784295,0,31.98253135,13.26914554,26.6450527
-22.03127949,0,-0.424521867,-4.152894828,-5.750910502
18.17516772,1,10.47632699,10.87017093,7.248175767
-3.648741153,1,11.50941109,-1.61799258,15.08219455
8.795012016,0,-0.40296648,2.395230608,14.68203941
12.4364745,0,15.83111812,7.416303785,12.12764324
0.66823134,1,-4.165035354,1.307317473,10.79963442
20.12574768,0,2.767282756,7.76828754,14.46578482
11.85608346,1,21.69078473,14.21463196,15.17259729
-0.075894201,0,4.209045207,4.746731656,16.41665757
11.11397028,1,-17.14345921,5.283963378,-12.9751336
-12.81771034,1,-9.768509522,-0.91311722,-9.102708403
-14.46064096,0,6.852571569,2.261681188,7.39380418
19.63886009,1,23.46054671,11.76000743,17.15007526
17.06814338,1,2.296671313,0.676013431,3.510469086
-25.28128157,1,-4.003328094,-6.271241459,-11.61823606
19.70681628,1,-14.08110716,6.941273829,-2.797454223
-14.07309232,1,-11.25109288,-3.538793947,-0.265258702
-9.086475249,0,1.39112698,2.10740856,6.598203282
-17.01279607,1,-7.255418727,-5.908366503,-4.917092346
-9.038433629,0,19.1143619,-1.665746618,4.123407371
19.69527712,0,11.54468811,11.24530978,2.295658317
2.959799095,1,16.6467097,5.798633738,9.173939733
-10.33753597,1,2.417397633,-3.208530754,9.290561087
32.9907574,0,30.88055938,20.21676621,20.50487489
16.35809456,1,9.109341677,7.227669298,12.6983374
21.82548323,1,21.19497566,11.95881039,21.5510013
33.2803811,1,17.45458036,15.34918802,13.40916771
-1.997125161,1,-19.5890595,-4.415883193,-6.527768564
29.54508145,0,23.19757495,17.53207587,13.97917924
28.92442895,0,10.84584876,15.28421808,16.19559259
5.751123898,1,0.015864448,4.906241266,-1.90631941
-3.876505438,1,-10.38302689,-1.433175272,-3.035069151
-30.71608613,1,-2.803181742,-6.992489114,6.963687142
-15.33113432,1,-11.56151716,-8.680070287,-3.772998957
-28.64356499,1,-5.276255824,-8.59299837,-6.753234461
-20.56535049,0,-13.44427024,-6.897745641,-6.613046784
14.06847142,0,5.894802444,7.121144803,2.077078612
-8.991860244,0,-10.27356081,0.944113858,-2.561459481
5.023854629,1,-4.485560054,1.581385544,8.141788578
-8.643571965,0,-5.987175133,3.202845556,3.905207737
-3.195257833,0,-3.514919009,3.271933232,1.060553502
9.415709483,1,9.082642884,2.252781834,5.18073481
-2.909577435,0,0.779406768,3.51916678,8.14807949
-13.73532695,1,-19.0611063,-6.905524156,-12.93424833
-9.301922915,0,-7.063206686,2.271436591,4.56224696
14.39449396,0,-3.612618469,11.69926993,7.988996703
-6.666714097,1,-6.002603137,-0.275593019,5.664322571
13.50041506,1,19.93183047,9.482011164,16.89694311
-0.103307899,0,11.21144217,6.204616853,5.594734715
31.95011503,0,12.74947356,16.46117493,10.1425969
27.8058941,1,20.26152067,20.33641038,9.666297716
-6.103339136,1,-13.50589862,-5.446458229,2.52393288
-7.832211764,0,-0.427989607,-0.672121462,0.122328732
-2.28556436,0,-6.580064368,1.710717582,-2.214710997
-4.226642097,1,14.04041408,3.30935142,8.715161613
0.372995892,0,-8.684071447,2.609915258,-4.783687169
10.67332363,1,-6.127553632,6.432479245,6.141096298
18.57580361,0,3.050241981,9.257613648,9.730287844
15.75302925,1,23.92499571,11.64785117,22.35101117
8.997558424,1,12.31393484,10.11450374,6.527241231
32.80252733,0,16.15679266,18.50194461,18.5063333
8.50143391,0,10.54015541,10.46866116,8.333151584
-0.174488938,0,-9.303065701,-0.283754279,3.84944682
10.36912533,0,2.622115555,1.415608903,6.420429697
-1.432229701,1,4.209828057,2.468427354,7.046897861
-19.91213445,0,-7.395645845,-9.436797532,-2.355692939
12.19131272,0,10.40604611,8.196172555,7.542661494
31.96734835,0,19.5430301,21.59186767,18.04414835
4.740998551,0,10.12157817,11.42683642,15.35024549
16.66408659,0,1.06212145,11.89988838,9.481756476
-12.30720365,0,-0.300771852,-1.362562405,-1.325021171
-14.17653484,0,-17.32588557,-4.517682222,1.224177006
7.137817919,0,6.610220031,6.222424876,0.808539314
6.384728728,1,-11.72055554,0.815438452,6.214638088
6.139080552,0,15.3590822,6.961015495,4.261755225
44.47971263,1,14.44085262,21.03872044,17.74375658
23.64913371,1,26.98577705,16.19769914,20.0413247
-1.561163831,0,-3.626769182,4.118862641,6.210785631
20.88158717,1,5.3020794,9.216762772,9.457093445
30.02532913,0,21.46185817,18.6272359,19.32688328
0.83893159,1,5.787782542,-2.816626374,6.877938241
-2.64104495,1,2.886130442,-2.55304549,3.49245736
2.625041494,0,15.18906561,7.994600887,6.822006209
5.130682951,0,2.780533783,1.554922617,5.37874891
-10.04978933,0,-10.71316046,-2.319190914,1.655251026
23.54141498,1,6.582961448,11.65285384,12.56931343
8.034949638,0,-1.884467143,5.104925521,-4.706528189
-13.03085239,0,-7.892047796,-7.643271585,4.07546061
21.31346364,1,10.81061913,7.58678096,14.57806436
21.21344769,1,1.917392455,9.68009715,10.24833683
9.651194547,1,11.00009136,3.218713695,7.750105226
9.56431498,0,2.6202715,5.475601713,13.42689659
-0.058761951,0,16.49684202,3.045032725,-3.700572058
-32.92497917,0,-17.79967651,-13.11037061,-14.26507546
-7.064215979,1,-7.040385811,-4.920248711,10.4705772
-18.17424119,0,-3.068270988,-1.600958578,-3.793972563
6.145979764,1,-9.523176973,-0.344783931,-6.695904846
28.64875601,1,19.44024566,16.84685021,8.266839796
3.543142022,1,2.065943825,5.120340721,5.110644316
-2.59781289,1,14.78510652,5.760615379,2.373857971
-4.235188279,0,0.150429309,3.666280888,-4.622506251
-0.488230117,1,0.412650121,-4.515929004,10.87978052
3.028613822,0,-6.468701321,-0.545250644,-4.090734701
-0.712747119,1,-6.947480369,-5.037084799,1.105306057
-17.70341393,1,-11.52138226,-6.590906069,-3.158893889
35.6484019,1,12.7736979,13.89921896,17.98382278
-13.98226032,0,-6.597728738,-4.483063895,-2.817513315
-3.365517299,0,-7.636574472,-1.082147048,5.572128907
15.17164061,0,-0.283075755,11.19548576,1.020316443
-30.05491481,0,-14.33478085,-9.687491534,0.262980376
2.425738647,1,7.694626605,2.76905021,14.50832758
-14.17854678,0,3.349608876,-3.160510296,2.381563243
33.87833658,0,13.9595178,12.8581021,17.81872032
13.03570986,0,-8.763736829,1.393115078,7.472658774
-2.050044125,0,1.76682697,1.085308965,2.095424521
-1.124882387,0,13.4043625,8.000743712,8.540968447
2.533077256,0,7.227443495,3.618142807,6.14333841
9.186424397,1,9.203928635,4.359090013,8.003550957
2.989224152,1,-6.904295696,5.318259288,0.055838196
-13.58922129,1,-5.125131124,-0.130102749,1.06094798
-16.50555365,1,-15.67839433,-6.654827872,-3.620784381
-30.8529724,1,-16.07052408,-11.96454933,-4.396389146
4.248659879,0,20.78294493,6.321253186,10.25277781
3.54731761,0,2.521972759,9.352844479,7.759683706
-25.07787384,0,-11.72434778,-10.92222603,-5.722942791
9.33453663,0,1.421635921,4.26736272,-1.00956111
1.080168336,1,-1.683083657,1.099740128,-1.092817061
-1.961952899,0,-4.621934588,-0.032586324,5.302463082
7.255257907,1,-4.522366729,4.994187511,5.034685545
13.26555116,0,18.16810059,9.435965354,2.799466382
-24.23794749,1,-28.28581705,-15.68011822,-8.164974215
-8.48560717,0,-9.355341257,-1.478777408,-5.481917468
6.921284909,1,-4.215512254,1.741504096,12.51129494
6.029197158,1,4.772088463,2.946773838,11.0123846
4.032915951,0,-2.881408962,1.171460661,8.39509846
-21.69865517,0,-20.21469226,-11.15340869,0.328732176
-17.32785566,0,-8.482357761,-4.768819062,-1.284263649
3.911780306,1,-4.596459869,1.408017475,7.747522491
16.58299245,1,10.2357405,11.59421191,8.374750494
-12.60663135,1,-19.75170099,-3.618619418,-11.81069443
17.45483621,1,5.966010969,5.944791826,15.34521816
21.61746937,0,18.3590989,14.97575213,11.44278542
-11.63603147,0,-2.412528693,-0.211871681,-0.068888213
-11.83289564,0,-4.61260272,-3.723174465,-3.517142024
-13.20413151,0,-2.855778722,-3.218796408,-1.587602657
-15.06611844,0,-3.747976984,0.529850708,-1.321826158
-19.07144485,0,7.409288399,-4.309654943,-0.674864484
-19.73305114,0,-26.32569745,-9.956695993,-14.25435793
-6.034376458,0,-12.10450866,-1.871150606,-4.032113237
12.66061751,0,18.31218258,12.16243106,9.837479592
9.961702629,1,-0.204042697,5.146976807,5.980649774
-15.54525355,0,-15.67398786,-6.228220693,-9.317595966
-33.97429008,1,-11.85421805,-8.944995913,-5.451346582
22.3930117,0,9.567722408,11.64486645,7.339517414
23.13874497,0,9.959874352,9.61841041,6.926934023
16.85136611,0,18.63095054,10.2233556,10.14898634
4.94931505,1,19.37765825,4.463792564,13.50868603
4.614174952,1,4.60681926,6.894547024,-2.06536523
-0.86783736,0,4.45883186,4.470247072,-2.282930483
-0.378113502,1,-8.141811561,-3.137605979,-1.562429552
-13.8249002,1,-15.71296419,-7.667237885,-3.647834262
-2.638933698,0,10.81940348,4.965833405,8.824065832
49.86390039,0,27.14691546,24.35830327,21.25370573
21.95789102,1,28.15659789,14.87677675,18.5500438
2.396989835,0,11.8874262,5.506625727,6.36025362
0.121163025,0,-7.794336421,-1.509634656,1.227643746
16.16452821,0,20.89035078,14.53144798,15.03262136
27.08601919,0,20.39745632,13.62996404,27.04425802
-10.66417658,0,8.286344789,0.769346614,-0.84945219
27.64875427,1,-4.934311287,5.618752688,-1.754127075
-12.42983007,1,-5.903812634,-6.04814506,3.194080446
-24.5192484,0,-7.708433966,-5.842712047,3.536683883
7.270055172,0,-2.843765452,3.176919381,-0.19938727
-21.6317156,1,-7.726572412,-8.850837535,2.053898049
-8.048892418,0,-6.969450838,-3.013059278,-10.03157629
4.523680114,0,-5.391027569,3.908406615,9.747127824
22.0671561,1,7.826719891,12.24821409,3.284543558
13.74550967,1,9.233151164,8.4232959,4.172230015
22.23128175,1,4.88323896,13.11351688,0.348522441
30.05440551,0,0.726218488,15.47550824,13.98975915
-13.69328272,0,-11.11186957,-7.47726102,-12.15234427
5.145822187,0,3.808862132,7.479036864,4.672787503
-5.906479449,0,-8.536767005,0.779287338,-4.10859349
-16.12342807,0,-4.038683629,-0.421337503,0.927174226
-14.52318522,0,-10.22766808,-5.253426817,3.445986592
8.835447881,0,2.530146096,7.818396996,8.402756055
-6.448211737,1,-3.60984061,-0.701912936,9.862735228
-24.08649429,1,-25.03384737,-11.18174174,-4.019591623
-8.174374365,1,1.584355336,-0.929524245,1.193784981
-3.41570571,0,-2.365727163,3.679528021,3.784970169
19.42970728,1,16.47372531,12.55675003,13.62857936
-18.42018091,1,-5.289685873,-9.118734383,0.634511078
-15.98968887,0,-2.959381989,-5.643060093,2.635146793
15.37034863,1,13.95425341,9.072893434,4.516908705
-3.249000566,0,-4.111229516,0.361870055,1.5656799
10.03323575,0,4.291434836,6.451878753,3.124620679
14.0535361,1,12.12432255,8.419806568,12.24643257
-21.60617107,0,-1.625586955,-1.140383312,-2.528728119
8.621664634,0,0.399348298,6.334038771,10.17358625
10.82850402,1,8.528692314,7.63961603,3.364968767
-14.07698617,0,0.727104971,-2.653615683,2.655224842
-4.044076602,0,-2.104709318,-0.380643253,9.678448728
14.40335703,0,18.09124441,12.3324915,9.654672318
-8.504572471,0,-2.39423339,-3.46676121,-0.830306262
26.91795307,1,6.763255461,11.20351759,4.560261062
-26.56727012,0,-7.278039674,-3.286183553,-6.35764612
-11.48721381,1,-1.339997647,-0.83538929,0.707556318
-3.186436956,1,-11.55070805,0.848412502,-5.699599028
33.60879085,0,15.28559768,13.09009975,22.95051314
-16.73667865,0,-0.523104969,-1.376109335,3.223268962
-13.68146781,0,-10.66232807,-5.895462388,-4.411079768
-4.58749066,0,-6.61272885,2.364331191,0.75066334
-10.12312291,0,13.74293534,-0.02442886,3.265517243
22.88184128,1,4.40276799,11.37923469,5.6743309
-14.55358782,0,0.171663893,-7.55116454,2.966058154
2.336778046,1,-2.960133526,-1.889646043,6.674757075
23.2665523,0,2.264836973,8.242529987,4.959209799
20.35286486,0,8.487366552,11.40677404,7.721453376
3.34579745,0,-1.939299343,1.569883999,4.279573513
-22.53542298,0,-10.7732302,-5.088377278,1.344245028
-4.032208646,1,-12.6465619,-4.679153239,-2.664365454
11.25718271,0,1.883021675,5.123410068,-2.289586436
-13.27555675,0,-9.389724776,-3.814806867,5.050679046
-7.241749121,0,-6.480308603,-0.23101199,-0.182058422
-13.84434829,1,-13.60917565,-9.507751542,-10.15267249
-31.05025935,0,-17.97972179,-8.194900081,-4.356541232
-4.47475284,1,-4.143402853,-1.479798682,-5.484115205
-25.90360283,0,-14.58387938,-10.50128683,-2.908716041
47.28876688,0,14.45887532,22.22655153,12.38827049
-0.241482465,1,8.193709212,0.207297798,5.011124002
-5.720199398,0,-10.02772208,-3.167000201,-3.712846227
4.523660625,0,3.796520236,4.438611762,-4.604262162
-18.94297091,0,-11.04277725,-3.849062748,3.098840243
-36.90625341,0,-22.81073596,-14.17094002,-11.69706441
-4.210577303,1,-8.971931589,-2.592186183,-2.458438927
-14.283675,0,-20.86655764,-10.70115042,-6.725798373
-3.11287559,0,0.61224457,4.232070851,-0.232898925
3.59851856,0,0.546417969,4.410605232,9.64130458
11.0308318,0,5.796587542,4.723884269,1.23638016
17.0926005,0,25.20660991,15.6290274,13.859371
-5.248691803,0,5.528556119,-0.362808677,2.8314339
-2.279553229,1,-7.034940875,-1.513405283,6.571757682
-5.563623754,1,-6.030723329,-2.252814722,4.413580097
-23.96555196,0,-25.7512524,-13.77099133,-7.691962726
26.42575189,1,13.30381203,7.806376272,9.583446575
18.50291073,1,10.38043834,12.82775227,6.936453257
20.68993891,0,6.349959273,6.88948065,8.769315905
8.959682943,0,6.829492818,3.628881418,16.34713141
20.60850758,0,17.01486018,14.65225059,4.016511494
8.800403274,1,6.574974691,9.908931204,4.437274013
15.51159164,0,25.76091319,9.164306852,17.31673713
-2.46724173,1,-1.123831656,2.012692133,5.622070214
15.47827201,0,27.54918383,14.79684109,13.60600548
3.763497822,0,6.849752713,6.371724721,8.217906543
-0.369073677,1,-18.11325922,-1.646352025,-2.927030092
-1.811756246,0,-3.095860903,2.098992924,-1.742885618
-6.428204194,0,-3.843974442,-2.187229427,3.088411873
-1.196041299,0,3.028992173,4.357947083,-0.537213872
-11.96262423,1,4.461814044,0.00302526,3.016686167
-21.36617415,0,-1.49502327,-4.004507133,2.657561018
-8.888245383,0,3.790976356,-0.843238472,-14.01618575
14.98757689,0,9.61166936,13.00924734,12.76505363
-24.21599772,1,-9.357960205,-9.250682609,-0.124339318
20.05220857,1,21.79589449,8.898904617,6.830260994
-15.0185594,1,2.577746147,-1.533684424,5.76591717
8.85317816,0,14.47846419,12.50598579,3.512887467
-10.84912544,1,-0.792840357,2.937480151,-3.984898386
13.75424338,0,-1.746750156,7.645926098,6.507306209
13.56729358,0,6.775986387,8.590675147,5.402412683
5.038926061,0,3.080056985,2.883656935,7.777043679
5.384384673,1,7.551536804,10.60241462,3.435491052
22.2970608,0,19.43324474,14.47745107,13.24544137
13.54853821,0,5.084739097,7.393173402,7.36055142
5.648105236,1,0.066092219,1.165246853,5.079571186
-17.33093366,0,-9.84217991,-1.252289796,-4.493360145
-4.224960662,1,8.864524386,2.516143207,3.05188193
9.542353725,1,9.72765444,8.156603264,10.9253589
7.782773312,1,0.942514729,6.803944914,1.208695271
-3.690377071,0,-4.230554705,-0.836665966,5.82638195
-17.4996277,0,-8.236474533,-5.378011425,-6.813098328
-23.09778372,0,-16.1949671,-10.7588913,-0.302735149
2.282960052,0,-3.92869838,5.233190118,11.32954978
3.997257723,0,-0.473909453,-1.44643109,3.017703788
-30.92628239,0,-2.9921857,-11.00156343,2.740126561
22.10517598,1,7.851623663,8.541513176,7.926406976
12.88899142,0,14.81099871,11.47881646,4.047195654
-3.010735027,0,-2.494363654,3.979146803,3.608060746
28.12860611,0,17.34579708,14.57840013,9.461792243
12.98950347,1,6.104301727,6.422151393,9.077150779
25.72823321,0,25.93144095,12.99511867,12.83865358
-12.48907319,0,-4.374484296,-5.313248557,4.082171059
0.320714668,1,-2.756109608,4.228046502,-0.671078701
-8.735116779,0,-17.07392429,-4.058865981,-2.344356129
16.86473439,0,5.844044517,7.60543376,6.254927488
-50.65269176,0,-15.65986825,-21.61161274,-7.824125594
16.614754,1,-0.826748488,2.964199799,5.775368938
-8.364833621,0,2.57705165,3.483244629,2.64172619
-4.48152243,1,-6.30196585,-3.02247507,2.845870344
17.44692861,1,3.858031802,6.267197334,9.646273456
26.12829195,1,25.34946815,15.87097449,11.77972856
16.79652879,0,10.04486187,10.21115752,14.78280181
-11.13029581,0,2.1767755,-1.630009486,2.233526522
-7.408423827,0,3.915973293,-1.655724408,6.894271071
-14.12147632,1,-13.6787249,-5.84064934,-4.811906402
18.95930001,1,-7.367408177,2.677451364,0.919491244
16.19428439,0,13.38925786,10.21685683,22.8324041
-5.281829146,0,-5.997682051,1.919409847,-5.620771178
-2.090808739,0,-0.223473522,-0.639607508,2.089226567
14.16556415,0,13.55089451,12.71030373,11.08654566
-16.05189281,0,-20.7905381,-4.409492271,-5.118513757
0.319087918,0,19.10260092,2.817361694,7.653097516
1.641907118,1,4.840235823,4.057576716,8.052634565
12.40800199,0,9.557299295,3.781048333,4.744825076
6.01050018,0,12.83388106,6.957464242,8.038872983
-6.936625551,0,-14.04706201,-4.116244474,-8.22053928
14.69308251,1,16.12552382,12.41431872,9.396622862
6.148305081,1,-7.38516125,4.216454844,2.984018649
1.878491448,0,13.62998744,8.217015439,10.91309217
26.12382073,1,10.71223223,10.18123565,12.71999719
-6.357204205,1,-18.17830549,-4.498119806,-5.356798126
20.87343684,1,14.35835583,13.03423461,13.64676289
21.32894083,1,4.875502658,5.559969309,6.157487746
6.555106397,1,0.252711876,1.041026927,4.494566875
4.527375397,0,-4.10186143,5.285901148,4.976606711
14.22361882,0,23.59414738,12.47346894,8.748895448
20.23075019,0,26.18614623,10.16431838,25.91009876
-35.05809017,0,-10.56470129,-8.450696522,-5.132636822
-1.14791854,1,0.856255767,3.022200816,1.268326995
-12.52174448,1,4.172114738,-1.210362295,-6.715762638
-30.11584737,0,-14.83006452,-15.19497689,-9.765512789
9.734466573,0,18.90420838,5.986245509,14.10076586
21.84203364,1,16.14313882,12.18439323,5.034976568
2.729839598,0,-11.33659706,-0.938940038,0.033989589
7.853029962,0,6.53248332,6.64306196,5.835681499
13.34777784,0,22.74488966,7.625095818,12.89314691
-25.57128153,0,-24.73721317,-10.99885805,-7.964771004
-2.968353634,1,-3.165598458,0.74150236,-6.389079581
-24.4594353,0,-19.61357028,-9.483172711,-7.950822362
4.391388146,0,30.50528082,6.4554191,12.87445229
-5.106157443,1,-9.865896268,-2.288680054,-3.03530941
-23.81987026,1,-13.38571887,-9.509880219,-2.253640627
7.892455131,1,-19.96287891,1.103748609,-5.83757184
5.531258282,0,3.180903691,3.464800873,11.96446027
25.34665958,0,30.67822837,12.68374563,18.97156018
-27.51772448,1,-8.502602609,-8.954684342,0.34092893
-5.34786654,0,1.518932269,1.356153781,4.091205296
23.93585835,1,29.53635293,18.38922752,18.66802427
1.108717459,0,-1.972040902,2.324572985,-7.548508735
13.91789666,1,6.150119077,7.975282002,8.096796273
-1.025632305,0,1.064322121,3.059305278,3.002684064
-20.4704404,1,-2.879347442,1.199289753,-9.29361094
17.10837944,0,23.76424944,16.32886335,12.72367677
16.7537165,0,8.853324581,16.64631896,11.87856053
-4.767793497,0,13.1994046,3.584778382,4.051897007
-10.42818227,0,-12.7764659,-7.308091427,-1.6305442
1.291456984,0,2.173495729,4.376808894,5.241282958
-1.540861883,0,-1.233714519,-2.527566761,8.87474153
6.543338515,1,10.75062052,3.460430368,3.221496585
33.52191229,1,-1.611303217,13.85568036,5.605808014
7.01841467,0,-10.03253715,4.622180186,-0.584994698
4.59126918,0,-2.955478665,5.660331797,3.242167607
-15.88544195,1,-14.22725787,-7.268494813,-0.011939237
-27.7035503,1,-3.302990165,-9.002100602,8.637732089
8.04646964,1,18.47705435,7.466292795,13.68102121
15.16134784,0,-0.243264527,8.880916109,2.1020903
13.48189841,0,7.577349433,6.834468767,2.830721935
-16.33521077,0,1.849259359,-2.015306945,-3.215616855
33.14642713,0,12.97464678,12.86934401,11.27290868
-18.33053554,0,-16.30585624,-6.527454658,1.313259834
3.585091091,0,-1.783383053,2.875195893,6.19889273
1.335796452,0,2.815835332,6.385275529,11.24237581
6.232301767,1,12.59765555,5.82708803,11.14699833
-11.93651558,0,14.59378791,2.185007212,12.25881631
1.082485466,1,-6.966649837,-2.800297251,3.851518124
25.15158325,0,24.38705904,13.73476392,12.55927079
-27.73378912,0,-12.18074627,-7.198506168,2.746067358
21.57846335,0,10.57358301,13.56641251,9.663792557
4.707834164,0,14.52748441,4.978897638,5.470085939
-0.464245826,0,8.996373483,5.200266652,-4.536428191
8.964484135,0,18.91612965,9.993776842,14.24918607
12.00702622,1,0.792544921,3.799880619,5.994121278
-26.58161226,1,-11.11957184,-8.677354487,-9.595984031
20.14833626,0,27.42212202,10.25844321,22.35452632
-24.05802775,0,-7.788685406,-11.4700661,-0.134921549
-22.24088063,1,-14.59471528,-7.433860126,-2.448584919
15.67455762,1,8.19300052,5.278684173,11.17139258
-8.083283435,1,4.363942215,1.496656633,4.276877689
5.850570134,0,0.506050553,1.851193463,3.020502067
-7.87691282,0,-4.761558253,-4.803677786,-0.323766158
-3.793234725,0,0.900290016,2.20258681,4.443368957
-25.98272808,0,-7.65982876,-4.302886542,-1.634902399
-10.93420118,1,-4.558521286,-1.01241472,6.951531317
19.41637924,1,10.20034017,10.84470216,6.437177284
8.749901698,1,5.170500264,1.803242881,4.816241633
-19.59619249,1,-16.65077113,-8.667028604,-5.94261714
25.02864129,1,19.63915004,13.16748455,11.29104401
11.45158911,0,19.53153385,13.70673776,12.55639357
-15.26365418,1,-22.32616452,-7.967430884,-12.92088104
29.72487336,1,27.16527581,13.96389163,22.66144806
30.71343936,1,5.654163185,9.840522,-2.826915629
2.311663802,1,-23.59463192,-4.028096348,-9.088875895
23.158515,0,13.44323532,17.15715711,13.29215224
2.761004042,0,-2.129013209,-4.401197329,9.16210174
25.41057157,0,11.14642497,17.13197886,6.215387347
-38.09061457,1,-14.09046953,-11.91709158,-16.95556313
9.592864319,1,-3.661214964,5.605659074,-0.22605885
-19.03805179,1,-6.525099966,-7.548961792,0.633655069
-18.02434857,1,-10.5409939,-3.754691372,-1.710865976
-3.550264997,1,-13.50748536,-3.128098662,-2.771092294
-0.817643408,0,2.768149213,0.076430829,10.22896306
-9.890580878,0,-8.908132943,-9.059230825,-4.420082086
-6.582048562,0,-6.357605457,-1.236663184,-1.64627962
18.11544253,1,8.430304213,11.79541663,6.223005258
5.956167664,0,2.067716367,6.731471312,7.913551284
-35.20265361,0,-17.64855696,-13.50674127,-1.339736539
14.75891946,0,8.244645983,11.13497902,7.209415391
22.92803598,1,8.511955293,9.419867309,8.396682243
12.8465997,1,-4.227920885,1.85458542,6.46457659
-24.2821843,1,-1.615805193,-7.774637696,-5.335199993
-11.99737028,1,-7.115719258,-4.151536238,-2.411003482
23.1033115,0,8.886081232,14.70501258,1.950479842
-24.92377899,0,-13.46630923,-11.94713261,-8.298050018
12.48781093,1,15.14298872,14.36326291,7.972177206
33.01706244,1,29.95476014,17.80842837,10.19105308
-6.516681444,1,-2.184070505,0.301946623,-5.033230073
30.57524418,1,11.38859061,19.45064895,14.94854423
-6.836270906,1,-1.435063273,-5.595507019,2.552559251
2.846357769,1,10.26128012,3.196208843,2.765784305
13.76143937,0,17.78845011,8.501160825,13.00641272
-3.14500687,0,4.981394652,9.417746713,7.6538488
24.54560973,0,13.97854856,13.18495839,15.52606479
-5.798240903,1,-1.486941943,2.518610517,0.778907455
2.599762916,0,-1.913803095,1.742730047,6.725267751
9.845198309,0,9.507449856,9.330975494,4.921735587
8.415733908,1,-0.934072699,3.69870701,2.829394969
17.88802145,1,5.396537753,8.195282351,2.082433347
28.95089014,0,0.925052854,11.83338826,1.419069954
-13.18674114,0,-6.067229146,-1.677180624,-4.74607887
-9.26829845,1,-15.93982346,-3.566036058,-4.527723764
-4.627873276,1,-15.34252089,0.783013894,0.684421402
-31.68732184,0,-16.90432633,-14.31105898,-7.782213479
-0.212146738,0,-5.388011013,4.878214592,-1.061904033
-7.743526649,0,13.45152177,0.308758378,13.82961553
2.596356328,1,-1.921444802,0.859450676,3.772578116
1.229582588,1,-0.234970914,1.962161209,1.031470152
6.066973336,1,-5.089033576,6.576479092,-0.364893855
-17.72174607,1,-13.36139473,-6.387991507,-3.662030663
22.44685304,0,17.56942845,12.65775561,2.38040843
-21.01254872,0,-19.20864821,-12.31741891,-3.6500545
-5.009889509,1,-1.638925514,-1.548406191,9.228857546
10.84516209,1,14.48183097,9.484215777,14.54293481
-11.47100577,1,-9.051388587,-3.272151562,-6.666629182
-2.360753101,0,-4.867474831,1.553967783,-0.622598042
-11.34400583,1,-1.018018742,0.522494574,7.64275039
13.93107506,0,10.16389646,10.62719705,9.724212769
6.834332239,0,-10.38921521,0.238258715,-8.247423634
0.612517506,0,3.132548018,0.503945429,1.72849942
-25.1040595,0,0.072729431,-5.463455195,-5.953277588
3.020955722,1,9.458501755,7.960549713,1.675502065
-10.73240524,0,1.566147015,-3.765476377,0.382543649
4.84846335,1,6.876960788,2.729160431,3.659756001
25.63102662,0,2.502901969,9.912657553,3.925409103
19.47454296,0,29.5522551,9.493388676,19.60887043
3.915326616,1,-7.241356108,3.324209751,-3.126341725
29.04299536,0,27.24854486,13.71431726,22.27299573
13.86964366,0,7.14718304,3.811995342,11.402358
15.67491029,0,-7.384521726,6.669989148,-5.473586862
-3.819336591,0,6.838072687,1.696786073,-0.274176489
0.643709917,1,1.895435891,1.0099346,3.022844355
15.40100145,1,1.219610291,8.054856217,8.890520335
7.691468481,1,-7.735108988,1.415695126,5.79719243
2.653878496,1,19.15700845,9.193340724,8.69679036
-22.77463722,0,-9.479954224,-7.155207373,1.827476109
10.36929866,0,2.001179051,8.626193063,0.224628033
16.16734447,0,23.54459303,15.82027791,8.116371326
-13.33496686,1,0.887803114,-4.390530311,0.189470112
-12.09354067,1,-9.229606249,-9.472467182,1.253206904
21.09756096,0,18.4464966,16.1926685,15.8003762
17.76346422,1,14.42341622,12.22433327,8.679321462
-2.873121962,0,-0.380791354,2.856555646,7.413576018
-17.93013954,0,-0.953088437,-3.609376597,3.319842719
12.83594904,0,16.1153958,9.063873256,5.121271964
-29.79251782,0,-9.329700163,-8.761951027,-7.2229726
-0.434716262,1,-17.22711552,-3.826764737,-9.829104838
-7.901801704,0,6.736527442,3.133336383,8.126372791
13.49319653,0,10.72773484,9.800944297,4.836186981
-9.428709569,1,-5.214069893,-4.06211367,-2.687833493
-3.42332704,0,-6.39425711,1.450380834,9.38395963
-18.75348145,1,-15.62325963,-8.82518238,-7.633618939
-0.924228221,1,-7.512796794,-2.383199336,-2.168979248
15.99865793,1,11.19890322,8.052541121,12.8551657
3.450343643,0,7.020945535,5.579226581,1.075204175
-0.390222107,0,2.219115025,-0.340314909,9.335802648
-7.083935925,1,-9.354243229,-3.38877013,-2.436045431
11.86722351,1,2.330678082,6.196700393,21.40131702
31.65622662,1,19.45285717,15.24539574,11.20453445
-7.038204375,0,-16.4653027,-1.624486881,-6.259846613
3.18601883,0,-2.203759241,2.859643996,0.627738009
3.877332431,0,1.955454612,8.518851207,3.728699842
30.3995713,1,19.48236584,14.34815801,15.25129275
1.501334179,0,3.59100988,5.814691689,-1.981575514
11.36138983,0,-14.3814557,1.789891517,-0.13322191
-5.37426799,0,7.742060909,1.084694816,-0.106067514
-20.27539714,1,3.863719685,-4.566117961,3.529466357
49.63743948,0,19.900788,25.09252562,14.20350093
5.364696806,1,17.84654452,8.692842216,12.18701765
-18.57641034,0,-10.58740117,-3.935004809,-5.736744808
-4.982015469,1,-2.58657421,1.015321185,2.268432899
20.37210101,1,10.79156845,14.16201592,0.306456941
8.731913401,1,11.42204552,9.77929236,9.466162079
-33.62573835,1,-16.6555417,-10.73425126,-8.022525917
-8.940408243,1,-7.855592864,-6.101593506,-1.821463294
-5.262892556,0,-6.350120813,-1.824408805,4.420807729
23.25944428,1,8.912437909,12.05777481,1.398677026
-0.258015557,1,9.710532272,1.307296818,5.613204888
-6.551812262,1,4.61592257,3.344559739,4.270775111
33.42608599,0,16.07021938,11.85543184,13.80257997
18.11911138,1,-6.999423202,8.640718132,8.098525564
14.05498975,1,13.53644339,13.59344362,12.29071384
10.33688054,0,5.61296369,8.893461719,9.093936033
-16.425897,0,-8.382249754,-0.921811438,-2.306892867
13.22072005,1,11.70665886,12.40900983,13.01661456
1.769870911,0,7.044019701,7.353824504,4.775027577
-11.96032794,0,-21.64943798,-7.025204327,-11.07328434
-8.627854339,1,-10.70557457,-3.942396732,-1.202230955
7.905126303,1,12.45645175,0.401196502,10.95840468
-8.2160836,0,-3.600333429,-6.924077528,-3.912471876
-24.53122846,0,-4.748707317,-7.272128518,-9.791881204
-12.48997339,0,-2.615004885,-1.380326419,12.77935428
10.86477783,0,3.358812412,6.937947851,9.247170749
3.320849695,0,-7.090958102,6.720864464,-1.247718872
-6.097039473,0,0.34372047,1.078290324,3.451939414
2.308806588,1,-0.463919622,3.982759974,3.433160282
-27.78358253,0,-18.03271285,-10.30331495,-9.900040884
-26.38602383,1,-11.27144337,-14.24305681,-9.141200609
7.005062726,1,0.759197163,2.768105939,10.09930914
0.795532491,1,2.875563001,0.914807215,8.944711245
-5.333292398,0,4.542773213,2.351561482,7.80790555
35.81467995,1,22.7776133,16.58349489,21.23247787
-6.252171264,0,1.30769062,1.493899032,12.02838404
8.525891565,0,17.87371044,7.025539984,11.3022268
12.44749566,0,4.785686367,7.598005043,3.736689261
20.02303777,0,3.681164384,16.58839383,13.166869
32.61951343,1,26.74549815,18.70994966,26.52400043
0.543809483,0,-5.867847382,0.332206782,-1.540550891
11.84518853,1,19.49441275,8.574478538,12.28150071
2.443434711,1,-16.38084027,-2.474154624,-9.878175254
-3.955697199,0,-0.281916276,-2.789303318,4.062269213
-7.182743035,1,3.383676161,1.973568391,2.470775475
-11.8988478,0,-14.5091605,-2.231729379,-1.834120487
18.29934993,0,25.93984357,14.50318296,18.445579
11.90603641,0,12.65600938,9.631157062,18.95880052
-18.02717543,0,-15.23967364,-6.878387298,-2.841640838
-22.18093046,1,-4.195335666,-7.090071558,-1.886034566
2.054040398,0,-0.747377905,-0.183386413,-2.186383167
-0.597438376,0,-10.84057206,0.259199738,-4.385711557
13.80591506,0,-4.025943159,6.15273228,5.075843948
9.481654785,1,14.9264675,8.589738805,6.909162046
20.61203,1,0.149580486,6.407616592,4.87366307
8.819729859,0,4.320801386,8.353294094,1.679762004
21.79480989,0,4.117271329,9.589640188,9.242006998
-21.97438859,0,2.538702301,-2.164752962,-1.00878364
1.867781042,1,-6.529072387,1.698843855,0.569641973
6.895862083,1,1.27524888,7.869425531,4.635518841
11.46964524,1,10.16118252,7.718120004,9.783330339
0.640068671,1,-0.372499961,3.024366921,-3.280850115
-10.24500724,0,-10.41622806,-6.481263137,-6.021330228
11.70788815,0,4.765246484,3.54846658,12.04577158
8.900217998,0,10.82937988,3.19324444,6.007779594
-7.523173919,0,-7.743101753,-4.243335051,6.890595319
12.51174932,0,-3.675833135,3.74148217,5.284301871
18.46678498,0,8.158370773,9.902654352,11.7551224
3.934611215,0,4.557483446,3.276892942,9.717169902
17.76184658,0,19.57026567,13.66621158,8.11257433
-9.052127135,0,-17.56475477,-7.044841373,-6.602112878
-1.404717917,1,4.042219154,4.639553142,7.335856954
-3.221456655,0,5.517860379,3.026854611,-3.688705611
-7.200112292,1,-9.088036718,-0.151948803,-0.740089766
-2.551075839,0,-4.263344976,-3.308752164,5.252823029
-22.52851719,0,-19.5318361,-9.891703848,-4.017042838
12.40232449,0,3.751661368,7.727392846,7.572312061
5.867087656,0,2.452216126,4.703286393,2.638837942
8.3699757,0,12.45210249,6.486257473,18.73190952
18.11710827,1,26.80792695,12.91313958,19.03331679
-1.567700659,1,12.33272496,0.574434563,-2.556699733
-11.01522741,0,-15.75886702,-3.82269698,3.303613831
16.61413646,1,15.2398405,10.13209894,10.86898379
8.980872296,0,16.14147637,10.00095729,10.60122168
-7.420810904,0,2.058698827,2.590017039,-0.575594546
-2.343962255,1,5.059144199,1.787540986,8.639507013
15.79413298,1,11.73407347,7.638390959,8.798267905
31.34625338,1,17.94076749,13.72680583,12.12117262
-4.907584939,0,-12.54156636,-1.947968946,4.460651332
9.961004108,0,1.947580781,5.464116744,-0.572074496
27.38274839,1,14.04985899,14.68607559,15.07023256
21.03583101,0,-9.99652651,7.810721387,6.318228525
20.96562068,1,6.344741815,7.526073894,10.56462188
-8.961078927,0,-4.116863249,-2.802363134,0.991857798
7.888942836,0,10.74000913,9.468090019,5.705061083
-9.404026371,0,-8.803724175,-2.018215477,1.246191406
-6.049045833,1,-0.335349886,-1.92573678,-2.811985421
13.80281217,1,-2.294906509,11.46589404,7.100138535
23.85673256,1,-4.36511199,10.53305584,11.43951708
-15.41172999,1,-12.72937035,-2.8137729,-4.022002406
-7.618572039,1,-2.601779644,-0.250121928,0.209503975
-22.44700841,0,-10.23708608,-10.24765432,-6.744339373
10.57734553,1,-8.417614239,5.384273797,11.44077079
-18.29571221,0,-14.34032855,-6.707115467,-13.01101824
37.62802105,0,27.38449683,22.86848073,20.60819872
33.8883817,1,17.77703523,18.30559326,11.33131148
-3.668565648,1,14.01124713,0.052076532,11.43818945
13.89637861,1,0.359141127,5.398682438,3.407168892
3.322789568,1,-4.356088665,0.751833357,-4.113599851
-2.713470666,0,-18.96660339,-2.428475633,-12.5277527
-0.101688874,0,-5.388834204,4.133035841,-4.406012493
-8.454098958,0,-11.76053439,-0.827241008,-11.37995612
7.596323009,1,9.431441515,9.045881774,7.884220131
5.254851397,1,1.094439144,2.210099147,5.093213285
-7.804793928,0,-3.162488452,1.684517502,4.188034446
17.68913645,1,16.19764794,13.34771391,16.09586697
-8.242044258,1,-18.71764329,-6.533848185,-4.396210467
-4.802007036,0,0.305150788,0.247794535,-0.313850609
-2.810672145,1,-6.935275566,-4.565423264,-12.93355722
-1.08871507,0,-0.586852529,-0.711608397,4.141291995
-19.06403717,1,-14.43006866,-7.79435535,0.104071437
16.43697132,0,4.451655399,8.937072978,1.938819035
23.98186723,1,27.02218478,13.51201099,12.62369653
19.72822953,1,16.14838333,13.09081146,15.72833819
-17.40130903,0,-1.093475535,-6.136744231,0.750820303
4.030972954,1,-14.30630624,-0.074165549,-5.378179689
26.26788196,1,6.946056252,11.20301805,11.42587524
